,Rk,Tm,ID,PF_Off,Yds_Off,Ply_Off,Y/P_Off,TO_Off,FL_Off,1stDTot_Off,Cmp_Off,AttPass_Off,YdsPass_Off,TDPass_Off,Int_Off,NY/Apass_Off,1stDPass_Off,AttRush_Off,YdsRush_Off,TDrush_Off,Y/Arush_Off,1stDRush_Off,Pen_Off,PenYds_Off,1stPy_Off,Sc%_Off,TO%_Off,PF_Def,Yds_Def,Ply_Def,Y/P_Def,TO_Def,FL_Def,1stDTot_Def,Cmp_Def,AttPass_Def,YdsPass_Def,TDPass_Def,Int_Def,NY/Apass_Def,1stDPass_Def,AttRush_Def,YdsRush_Def,TDrush_Def,Y/Arush_Def,1stDrush_Def,Pen_Def,PenYds_Def,1stPy_Def,Sc%_Def,TO%_Def,W
2010,27,Arizona Cardinals,1,289,4309,931,4.6,35,16,241,285,561,2921,10,19,4.8,154,320,1388,9,4.3,67,108,870,20,23.7,15.8,434,5977,1092,5.5,30,13,339,324,533,3654,22,17,6.5,178,526,2323,19,4.4,123,108,894,38,39.7,13.2,5
2011,24,Arizona Cardinals,2,312,5192,993,5.2,32,9,286,307,550,3567,21,23,5.9,175,389,1625,12,4.2,83,106,1004,28,26.1,15.6,348,5682,1095,5.2,19,9,333,340,578,3696,17,10,6,174,475,1986,15,4.2,118,122,950,41,32.8,9.3,8
2012,31,Arizona Cardinals,3,250,4209,1018,4.1,34,13,246,337,608,3005,11,21,4.5,168,352,1204,10,3.4,58,102,857,20,22,14.8,357,5405,1041,5.2,33,11,288,270,497,3213,20,22,6,160,506,2192,12,4.3,107,100,810,21,27,14.2,5
2013,16,Arizona Cardinals,4,379,5542,1037,5.3,31,9,329,363,574,4002,24,22,6.5,205,422,1540,12,3.6,84,96,744,40,33,15.5,324,5079,1042,4.9,30,10,309,367,625,3728,29,20,5.5,208,370,1351,5,3.7,68,111,960,33,28.9,13.7,10
2014,24,Arizona Cardinals,5,310,5116,993,5.2,17,5,302,320,568,3808,21,12,6.4,191,397,1308,6,3.3,67,91,707,44,30.9,9.4,299,5891,1010,5.8,25,7,300,365,579,4152,22,18,6.8,195,396,1739,9,4.4,77,130,1192,28,29.8,12.8,11
2015,2,Arizona Cardinals,6,489,6533,1041,6.3,24,11,373,353,562,4616,35,13,7.8,237,452,1917,16,4.2,92,94,758,44,42.5,11.8,313,5147,982,5.2,33,14,284,343,573,3687,24,19,6.1,177,373,1460,9,3.9,79,130,1202,28,31.7,16.7,13
2016,6,Arizona Cardinals,7,418,5868,1086,5.4,28,11,368,383,646,4136,28,17,6,229,399,1732,20,4.3,97,104,889,42,35,14.2,362,4883,1019,4.8,28,14,293,344,547,3365,21,14,5.7,175,424,1518,16,3.6,90,123,1010,28,32.5,12.9,7
2017,25,Arizona Cardinals,8,295,5026,1060,4.7,25,7,310,339,598,3640,21,18,5.6,200,410,1386,6,3.4,66,110,880,44,29.2,12.4,361,4973,1008,4.9,21,6,283,343,564,3541,24,15,5.9,187,407,1432,12,3.5,68,129,1128,28,31.5,10.5,8
2018,32,Arizona Cardinals,9,225,3865,902,4.3,28,10,239,283,495,2523,15,18,4.6,137,355,1342,9,3.8,76,101,786,26,19.3,15,425,5741,1065,5.4,16,9,357,342,506,3262,21,7,5.9,186,510,2479,25,4.9,139,100,790,32,38,8.6,3
2019,16,Arizona Cardinals,10,361,5467,1000,5.5,18,6,314,355,554,3477,20,12,5.8,176,396,1990,18,5,109,121,956,29,38.8,10.1,442,6432,1080,6,17,10,375,421,601,4510,38,7,7,243,439,1922,9,4.4,94,114,1041,38,42.6,9.5,5
2010,5,Atlanta Falcons,11,414,5458,1097,5,17,8,353,361,577,3567,28,9,5.9,200,497,1891,14,3.8,111,58,598,42,39.3,9,288,5319,957,5.6,31,9,284,364,560,3625,23,22,6.1,183,366,1694,9,4.6,87,116,1003,14,26.1,16.1,13
2011,7,Atlanta Falcons,12,402,6026,1073,5.6,21,8,349,365,594,4192,29,13,6.8,215,453,1834,14,4,100,93,769,34,37.4,10.7,350,5338,965,5.5,29,10,292,340,560,3786,25,19,6.4,186,372,1552,10,4.2,87,101,843,19,32.2,15,10
2012,7,Atlanta Falcons,13,419,5906,1021,5.8,18,4,343,422,615,4509,32,14,7,247,378,1397,12,3.7,70,55,415,26,44,10.3,299,5849,991,5.9,31,11,298,337,551,3878,14,20,6.7,189,411,1971,16,4.8,99,83,641,10,31.7,17.2,13
2013,20,Atlanta Falcons,14,353,5490,1024,5.4,28,11,330,445,659,4243,26,17,6,227,321,1247,11,3.9,64,91,788,39,34.1,14.5,443,6070,1003,6.1,21,11,326,341,516,3897,31,10,7.1,196,455,2173,14,4.8,102,104,885,28,45.1,11.4,4
2014,12,Atlanta Falcons,15,381,6051,1035,5.8,23,8,330,418,632,4553,28,15,6.9,233,372,1498,11,4,75,97,840,22,38.9,13.1,417,6372,1038,6.1,28,12,358,359,566,4478,20,16,7.6,224,450,1894,21,4.2,108,91,744,26,42.6,14.2,6
2015,21,Atlanta Falcons,16,339,5985,1073,5.6,30,13,359,410,621,4379,21,17,6.7,230,420,1606,13,3.8,95,100,969,34,34.5,17.2,345,5562,996,5.6,23,8,335,370,561,3882,19,15,6.7,197,416,1680,20,4,107,95,728,31,34.3,13.4,8
2016,1,Atlanta Falcons,17,540,6653,995,6.7,11,4,379,374,537,4725,38,7,8.2,239,421,1928,20,4.6,108,104,848,32,52.6,6.3,406,5939,1059,5.6,22,10,358,422,655,4267,31,12,6.2,232,370,1672,15,4.5,95,113,974,31,39.2,11.4,11
2017,15,Atlanta Falcons,18,353,5837,984,5.9,18,6,330,343,530,3990,21,12,7.2,200,430,1847,12,4.3,101,102,918,29,41.2,10.3,315,5094,994,5.1,16,8,323,362,553,3429,22,8,5.8,197,402,1665,9,4.1,97,103,880,29,36,9.1,10
2018,10,Atlanta Falcons,19,414,6226,1010,6.2,18,11,352,428,617,4653,36,7,7.1,238,351,1573,11,4.5,84,101,899,30,42.9,10.7,423,6152,1031,6,19,4,375,398,585,4153,33,15,6.7,226,409,1999,16,4.9,115,108,1001,34,41.5,10.5,7
2019,13,Atlanta Falcons,20,381,6075,1096,5.5,25,10,383,459,684,4714,29,15,6.4,258,362,1361,10,3.8,84,119,956,41,41.3,13.4,399,5693,985,5.8,20,8,330,351,536,3918,28,12,6.9,192,421,1775,13,4.2,108,127,1080,30,42.8,9,7
2010,16,Baltimore Ravens,21,357,5166,1018,5.1,20,10,303,308,491,3335,25,10,6.3,175,487,1831,11,3.8,97,90,673,31,32.8,9.5,270,5102,1007,5.1,27,8,284,349,596,3599,22,19,5.8,187,384,1503,5,3.9,79,117,984,18,29.2,13.5,12
2011,12,Baltimore Ravens,22,378,5419,1036,5.2,24,12,312,314,544,3423,21,12,5.9,181,459,1996,15,4.3,98,92,742,33,35.5,11.8,266,4622,1002,4.6,26,11,269,288,535,3140,11,15,5.4,166,419,1482,10,3.5,79,103,1032,24,26.6,13.8,12
2012,10,Baltimore Ravens,23,398,5640,1042,5.4,16,5,314,334,560,3739,22,11,6.3,182,444,1901,17,4.3,98,121,1127,34,35.8,7.8,344,5615,1086,5.2,25,12,326,335,557,3650,15,13,6.1,187,492,1965,15,4,105,107,929,34,34.9,12,10
2013,25,Baltimore Ravens,24,320,4918,1090,4.5,29,6,295,363,619,3590,19,23,5.4,189,423,1328,7,3.1,68,112,942,38,30.9,13.5,352,5368,1032,5.2,24,8,284,314,552,3681,25,16,6.2,176,440,1687,7,3.8,79,126,1196,29,31.4,10.3,8
2014,8,Baltimore Ravens,25,409,5838,1021,5.7,20,8,345,344,554,3819,27,12,6.7,194,448,2019,16,4.5,113,111,870,38,39.6,9.9,302,5391,1034,5.2,22,11,311,382,595,3979,22,11,6.2,205,390,1412,8,3.6,75,110,1007,31,33.3,11.7,10
2015,25,Baltimore Ravens,26,328,5749,1083,5.3,28,7,323,426,676,4271,21,21,6.1,211,383,1478,8,3.9,89,122,1153,23,33.3,14,401,5398,1000,5.4,14,8,311,350,545,3737,30,6,6.4,189,418,1661,10,4,80,103,748,42,37.4,7,5
2016,21,Baltimore Ravens,27,343,5563,1079,5.2,23,7,316,439,679,4100,20,16,5.8,205,367,1463,10,4,79,125,1111,32,35.6,10.5,321,5154,993,5.2,28,10,294,369,578,3724,28,18,6.1,190,384,1430,10,3.7,74,94,900,30,28.1,14.1,8
2017,9,Baltimore Ravens,28,395,4886,1054,4.6,17,4,311,363,567,3030,20,13,5.1,168,460,1856,14,4,111,91,749,32,36.5,8.9,303,5201,1045,5,34,12,296,333,569,3421,18,22,5.6,179,435,1780,12,4.1,87,96,807,30,29.7,17.4,9
2018,13,Baltimore Ravens,29,389,5999,1135,5.3,20,11,367,334,556,3558,18,9,6.1,184,547,2441,19,4.5,153,116,940,30,40.7,10.7,287,4687,974,4.8,17,5,286,337,577,3360,21,12,5.4,174,354,1327,11,3.7,82,113,1017,30,29.1,9.5,10
2019,1,Baltimore Ravens,30,531,6521,1064,6.1,15,7,386,289,440,3225,37,8,6.9,171,596,3296,21,5.5,188,109,867,27,52.1,8.6,282,4809,921,5.2,25,12,276,318,544,3315,15,13,5.7,163,340,1494,12,4.4,74,97,795,39,32.9,14.6,14
2010,28,Buffalo Bills,31,283,4878,954,5.1,39,18,263,296,519,3158,24,21,5.7,166,401,1720,6,4.3,82,82,633,15,25.3,19.2,425,5786,1071,5.4,22,11,335,294,473,3072,28,11,6.1,179,571,2714,18,4.8,138,85,634,18,39.3,10.5,4
2011,14,Buffalo Bills,32,372,5624,992,5.7,30,5,313,356,578,3703,24,25,6.2,180,391,1921,12,4.9,100,86,743,33,31.2,15.9,434,5938,1003,5.9,31,11,340,321,507,3714,30,20,6.9,196,467,2224,19,4.8,120,85,871,24,37,15.3,6
2012,21,Buffalo Bills,33,344,5486,983,5.6,34,17,301,309,511,3269,24,17,6,176,442,2217,12,5,103,104,871,22,30,17.4,435,5806,1042,5.6,21,9,349,306,536,3473,25,12,6.1,182,470,2333,23,5,136,80,693,31,37.1,10.8,6
2013,22,Buffalo Bills,34,339,5410,1116,4.8,27,12,301,299,522,3103,16,15,5.4,149,546,2307,15,4.2,113,110,954,39,29.9,12.1,388,5334,1089,4.9,30,7,308,310,561,3271,28,23,5.3,170,471,2063,10,4.4,98,108,931,40,32.2,14,6
2014,18,Buffalo Bills,35,343,5096,1020,5,23,10,273,363,579,3614,23,13,5.8,186,402,1482,7,3.7,65,124,1031,22,32.5,11.2,289,4995,1027,4.9,30,11,302,337,559,3292,16,19,5.4,171,414,1703,10,4.1,89,104,849,42,28.3,14.1,9
2015,12,Buffalo Bills,36,379,5775,1016,5.7,19,10,297,295,465,3343,23,9,6.6,155,509,2432,19,4.8,122,143,1249,20,34.9,8.6,359,5702,1017,5.6,25,8,322,347,602,3972,30,17,6.4,198,394,1730,10,4.4,87,113,906,37,32.5,11,8
2016,10,Buffalo Bills,37,399,5666,1012,5.6,12,5,328,286,474,3036,17,7,5.8,155,492,2630,29,5.3,146,112,960,27,36.7,6.8,378,5712,1019,5.6,18,6,338,306,511,3582,19,12,6.5,183,469,2130,21,4.5,122,106,884,33,38.8,9.3,7
2017,22,Buffalo Bills,38,302,4842,1010,4.8,16,6,278,289,476,2825,16,10,5.4,149,487,2017,12,4.1,105,98,872,24,31.7,8.9,359,5682,1066,5.3,25,7,348,370,573,3688,14,18,6.1,199,466,1994,22,4.3,121,97,873,28,37.2,13.1,9
2018,30,Buffalo Bills,39,269,4778,1008,4.7,32,9,283,271,499,2794,13,23,5.2,137,468,1984,15,4.2,108,116,992,38,26.4,15.5,374,4706,968,4.9,27,11,293,313,492,2867,22,16,5.4,157,440,1839,17,4.2,111,99,976,25,33.3,14.3,6
2019,23,Buffalo Bills,40,314,5283,1018,5.2,19,7,314,299,513,3229,21,12,5.8,162,465,2054,13,4.4,120,117,927,32,30.6,10.4,259,4772,985,4.8,23,9,295,348,553,3123,15,14,5.2,169,388,1649,12,4.3,93,94,815,33,23.6,12.4,10
2010,32,Carolina Panthers,41,196,4135,962,4.3,37,16,225,256,484,2289,9,21,4.3,125,428,1846,7,4.3,78,106,918,22,20.8,17.8,408,5374,1060,5.1,29,12,328,326,526,3393,19,17,6.1,176,503,1981,20,3.9,121,90,765,31,35.2,14.3,2
2011,5,Carolina Panthers,42,406,6237,999,6.2,23,6,345,312,519,3829,21,17,6.9,175,445,2408,26,5.4,139,113,1013,31,38.5,12.8,429,6042,972,6.2,24,10,329,318,490,3949,28,14,7.6,191,451,2093,18,4.6,110,98,901,28,42.7,12.9,6
2012,18,Carolina Panthers,43,357,5771,988,5.8,22,10,328,284,490,3683,19,12,7,171,462,2088,21,4.5,123,98,835,34,32.6,10.3,363,5329,1010,5.3,23,12,326,371,555,3568,22,11,6,196,416,1761,11,4.2,98,86,711,32,38.6,11.9,7
2013,18,Carolina Panthers,44,366,5069,999,5.1,19,6,319,292,473,3043,24,13,5.9,169,483,2026,14,4.2,122,80,671,28,36.5,9.4,241,4820,975,4.9,30,10,278,375,563,3429,17,20,5.5,178,352,1391,4,4,70,84,753,30,28.7,16.3,12
2014,19,Carolina Panthers,45,339,5547,1060,5.2,23,11,347,327,545,3511,23,12,6,199,473,2036,10,4.3,117,83,756,31,34.8,11.8,374,5437,999,5.4,26,12,309,364,562,3645,25,14,6.1,193,397,1792,14,4.5,91,97,760,25,34.1,14,7
2015,1,Carolina Panthers,46,500,5871,1060,5.5,19,9,357,300,501,3589,35,10,6.7,197,526,2282,19,4.3,136,103,887,24,42.9,9.6,308,5167,1058,4.9,39,15,298,390,650,3752,21,24,5.4,198,364,1415,11,3.9,74,99,822,26,26.5,19.4,15
2016,15,Carolina Panthers,47,369,5499,1052,5.2,29,10,318,306,563,3685,21,19,6.2,194,453,1814,16,4,99,98,835,25,34.7,14,402,5756,1035,5.6,27,10,329,409,612,4291,27,17,6.5,223,376,1465,11,3.9,90,112,907,16,36.2,13.8,6
2017,12,Carolina Panthers,48,363,5179,1026,5,22,6,320,293,501,3077,22,16,5.7,167,490,2102,15,4.3,121,83,682,32,37.4,11.7,327,5074,953,5.3,21,11,282,351,550,3665,25,10,6.1,187,353,1409,7,4,69,101,867,26,33.9,11.7,11
2018,15,Carolina Panthers,49,376,5972,1011,5.9,22,6,356,378,563,3836,28,16,6.4,212,416,2136,17,5.1,117,92,818,27,37,12.1,382,5651,948,6,23,10,315,353,529,3847,32,13,6.8,185,384,1804,13,4.7,110,91,805,20,38,12.9,7
2019,20,Carolina Panthers,50,340,5469,1077,5.1,35,14,335,382,633,3650,17,21,5.3,230,386,1819,20,4.7,82,87,754,23,32.3,16.9,470,5992,1042,5.8,21,7,355,347,544,3696,21,14,6.2,197,445,2296,31,5.2,128,109,940,30,41.4,9.4,5
2010,21,Chicago Bears,51,334,4631,936,4.9,31,10,263,276,466,3015,23,21,5.8,163,414,1616,10,3.9,76,91,768,24,29.3,15.7,286,5029,1002,5,35,14,282,363,582,3588,14,21,5.8,183,386,1441,14,3.7,88,93,790,11,25,17.9,11
2011,17,Chicago Bears,52,353,5026,978,5.1,29,9,271,268,473,3011,18,20,5.8,153,456,2015,10,4.4,97,104,800,21,28.6,14.6,341,5607,1048,5.4,31,11,291,383,631,4065,22,20,6.1,199,384,1542,10,4,75,98,719,17,30.5,14.3,8
2012,16,Chicago Bears,53,375,4969,999,5,24,8,292,287,485,2999,21,16,5.7,163,470,1970,11,4.2,99,102,811,30,30.3,11.8,277,5050,1021,4.9,44,20,286,350,592,3423,19,24,5.4,186,388,1627,6,4.2,75,78,704,25,25.1,20.5,10
2013,2,Chicago Bears,54,445,6109,1013,6,23,10,344,373,579,4281,32,13,7,215,404,1828,13,4.5,102,85,708,27,39,12.1,478,6313,1021,6.2,28,9,353,315,507,3730,25,19,6.9,184,483,2583,22,5.3,147,69,647,22,42.7,15.2,8
2014,23,Chicago Bears,55,319,5233,1005,5.2,29,10,322,396,609,3792,30,19,5.8,194,355,1441,8,4.1,91,113,997,37,27.8,16.1,442,6033,1008,6,24,10,325,366,548,4230,34,14,7.2,227,421,1803,12,4.3,78,106,978,20,44.6,12.4,5
2015,23,Chicago Bears,56,335,5517,1025,5.4,21,9,312,334,523,3663,21,12,6.6,177,468,1854,13,4,108,99,909,27,37.4,11.2,397,5527,981,5.6,17,9,307,322,513,3593,31,8,6.6,182,433,1934,9,4.5,103,98,895,22,36.6,8,6
2016,29,Chicago Bears,57,279,5704,967,5.9,31,12,324,347,559,3969,19,19,6.8,212,380,1735,10,4.6,93,110,967,19,27.3,17.4,399,5548,1012,5.5,11,3,322,342,530,3598,22,8,6.3,188,445,1950,18,4.4,99,103,959,35,42,6.3,3
2017,29,Chicago Bears,58,264,4599,934,4.9,22,10,266,291,473,2811,13,12,5.5,144,422,1788,13,4.2,92,115,943,30,24.1,12.1,320,5106,1003,5.1,22,14,298,343,529,3376,18,8,5.9,180,432,1730,10,4,85,118,910,33,33.1,11.2,5
2018,9,Chicago Bears,59,421,5502,1013,5.4,24,10,331,344,512,3564,28,14,6.5,177,468,1938,16,4.1,108,97,796,46,36.8,13.2,283,4795,1004,4.8,36,9,278,377,615,3515,22,27,5.3,186,339,1280,5,3.8,67,114,1022,25,28.6,19.5,12
2019,29,Chicago Bears,60,280,4749,1020,4.7,19,7,297,371,580,3291,20,12,5.3,178,395,1458,8,3.7,85,103,838,34,29.1,10.5,298,5186,1017,5.1,19,9,306,362,571,3554,17,10,5.9,190,414,1632,16,3.9,86,113,923,30,31.5,10.7,8
2010,22,Cincinnati Bengals,61,322,5289,1046,5.1,34,14,317,365,590,3767,26,20,6.1,206,428,1522,8,3.6,85,90,725,26,30.5,16.3,395,5312,957,5.6,26,10,290,326,514,3469,21,16,6.4,170,416,1843,15,4.4,97,95,776,23,35.2,13.2,4
2011,18,Cincinnati Bengals,62,344,5118,1015,5,22,8,285,308,535,3340,21,14,6,160,455,1778,10,3.9,93,99,874,32,32.5,9.6,323,5060,1009,5,22,12,284,319,539,3385,21,10,5.8,170,425,1675,14,3.9,94,101,878,20,28.5,11,9
2012,12,Cincinnati Bengals,63,391,5323,1016,5.2,26,10,292,335,540,3578,28,16,6.1,173,430,1745,11,4.1,95,99,857,24,35.4,12.8,320,5115,1034,4.9,30,16,307,346,560,3400,16,14,5.6,183,423,1715,13,4.1,99,90,779,25,29.3,14.1,10
2013,6,Cincinnati Bengals,64,430,5891,1097,5.4,30,10,330,364,587,4136,33,20,6.7,205,481,1755,14,3.6,101,102,1000,24,32.3,14.9,305,4888,1042,4.7,31,11,282,362,614,3344,22,20,5.1,178,385,1544,6,4,72,69,692,32,27.4,15.2,11
2014,15,Cincinnati Bengals,65,365,5568,1018,5.5,26,9,313,323,503,3421,20,17,6.5,164,492,2147,19,4.4,122,102,812,27,34,13.1,344,5749,1067,5.4,26,6,337,365,608,3888,18,20,6.2,197,439,1861,16,4.2,105,105,876,35,32.6,13.6,10
2015,7,Cincinnati Bengals,66,419,5728,1004,5.7,17,8,324,334,505,3923,31,9,7.3,191,467,1805,18,3.9,99,111,917,34,39.6,9.3,279,5453,1032,5.3,28,7,307,415,646,3976,18,21,5.8,202,344,1477,8,4.3,74,116,1063,31,28.9,15,12
2016,24,Cincinnati Bengals,67,325,5711,1050,5.4,17,9,341,364,563,3942,18,8,6.5,204,446,1769,17,4,100,88,726,37,35.8,8.5,315,5612,1038,5.4,20,3,327,374,593,3800,22,17,6.1,196,412,1812,12,4.4,95,105,950,36,34.7,11.4,6
2017,26,Cincinnati Bengals,68,290,4488,927,4.8,23,11,267,304,510,3122,25,12,5.7,165,377,1366,6,3.6,72,110,1027,30,26.5,11.4,349,5425,1091,5,14,3,325,336,561,3379,20,11,5.6,173,489,2046,13,4.2,111,106,906,41,37,7.6,7
2018,17,Cincinnati Bengals,69,368,4972,938,5.3,17,4,304,331,542,3290,27,13,5.7,182,359,1682,13,4.7,92,114,957,30,35.5,9.6,455,6618,1084,6.1,18,6,372,389,584,4414,32,12,7.1,221,466,2204,17,4.7,125,113,944,26,46.3,10.2,6
2019,30,Cincinnati Bengals,70,279,5169,1049,4.9,30,14,312,356,616,3652,18,16,5.5,191,385,1517,9,3.9,85,93,761,36,30.3,16,420,6299,1034,6.1,16,5,328,308,499,3917,25,11,7.4,183,504,2382,17,4.7,124,122,988,21,39.8,8.8,2
2010,31,Cleveland Browns,71,271,4635,927,5,29,11,265,296,478,2989,13,18,5.8,154,413,1646,13,4,87,78,675,24,27.7,15.8,332,5601,1041,5.4,28,9,317,309,507,3531,26,19,6.6,195,505,2070,7,4.1,102,85,741,20,34.1,15.3,5
2011,30,Cleveland Browns,72,218,4621,1024,4.5,19,6,278,320,570,3090,16,13,5.1,173,415,1531,4,3.7,77,95,847,28,24.4,10,307,5318,1035,5.1,20,11,301,265,469,2959,16,9,5.9,149,534,2359,12,4.4,124,90,726,28,33.3,11.5,4
2012,24,Cleveland Browns,73,302,5028,998,5,26,8,279,328,566,3435,16,18,5.7,185,396,1593,12,4,71,113,1005,23,29.8,12,368,5821,1095,5.3,29,12,345,378,600,3923,27,17,6.1,203,457,1898,14,4.2,104,120,1008,38,30.7,14.6,5
2013,27,Cleveland Browns,74,308,5423,1078,5,29,9,301,379,681,4040,26,20,5.5,200,348,1383,4,4,77,104,920,24,26.2,13.8,406,5319,1107,4.8,21,7,328,363,605,3538,29,14,5.5,197,462,1781,13,3.9,103,95,745,28,34,9.9,4
2014,27,Cleveland Browns,75,299,5193,1010,5.1,23,7,294,274,502,3465,12,16,6.5,179,477,1728,17,3.6,88,116,932,27,28,10.9,337,5857,1118,5.2,29,8,348,335,587,3592,22,21,5.8,184,500,2265,13,4.5,126,98,769,38,32.3,13.6,7
2015,30,Cleveland Browns,76,278,5311,1042,5.1,30,18,307,371,609,3782,20,12,5.7,192,380,1529,5,4,81,120,1083,34,29.8,15.2,432,6067,998,6.1,21,10,321,322,511,4012,34,11,7.4,186,458,2055,11,4.5,104,108,833,31,41.9,11.7,3
2016,31,Cleveland Browns,77,264,4976,983,5.1,25,11,296,338,567,3264,15,14,5.2,181,350,1712,13,4.9,83,95,736,32,27.2,13.3,452,6279,1067,5.9,13,3,364,347,543,3996,36,10,7,220,498,2283,18,4.6,121,104,930,23,40.8,6.1,1
2017,32,Cleveland Browns,78,234,4942,1008,4.9,41,13,290,312,574,3228,15,28,5.2,157,384,1714,11,4.5,97,110,924,36,22,21,410,5250,1026,5.1,13,6,315,360,525,3684,28,7,6.6,189,467,1566,14,3.4,95,101,906,31,36.2,6.9,0
2018,20,Cleveland Browns,79,359,5900,1023,5.8,24,7,314,353,574,4007,29,17,6.5,189,411,1893,15,4.6,93,112,894,32,31.2,11.4,392,6288,1122,5.6,31,14,377,393,626,4125,21,17,6.2,216,459,2163,20,4.7,130,119,990,31,35.3,15.4,7
2019,22,Cleveland Browns,80,335,5455,973,5.6,28,7,305,318,539,3554,22,21,6.1,180,393,1901,15,4.8,90,122,1106,35,34.1,14.8,393,5785,1014,5.7,20,6,345,318,513,3470,25,14,6.3,184,463,2315,19,5,124,107,836,37,36.9,11.2,6
2010,7,Dallas Cowboys,81,394,5828,1035,5.6,30,11,327,379,576,4042,29,19,6.7,201,428,1786,10,4.2,104,109,863,22,34.6,14.8,436,5628,977,5.8,30,10,309,348,540,3894,33,20,6.8,200,402,1734,11,4.3,84,79,641,25,36.7,15.4,6
2011,15,Dallas Cowboys,82,369,6008,1017,5.9,21,9,327,376,570,4201,33,12,6.9,219,408,1807,5,4.4,91,114,816,17,37.8,11.4,347,5491,972,5.6,25,10,305,336,545,3906,24,15,6.7,199,385,1585,10,4.1,78,85,650,28,33.3,13.3,8
2012,15,Dallas Cowboys,83,376,5994,1049,5.7,29,10,338,434,658,4729,29,19,6.8,237,355,1265,8,3.6,76,117,853,25,36.7,15,400,5687,986,5.8,16,9,317,320,511,3684,22,7,6.8,195,441,2003,17,4.5,92,89,726,30,38.9,8,8
2013,5,Dallas Cowboys,84,439,5458,957,5.7,20,8,325,375,586,3954,33,12,6.4,213,336,1504,12,4.5,80,102,867,32,39.9,9.8,432,6645,1094,6.1,28,13,388,403,623,4589,33,15,7,231,437,2056,17,4.7,122,112,875,35,39.7,13.8,8
2014,5,Dallas Cowboys,85,467,6138,1014,6.1,25,14,342,328,476,3784,37,11,7.5,205,508,2354,16,4.6,106,105,839,31,43.6,12.8,352,5681,978,5.8,31,13,315,371,558,4031,22,18,6.9,195,392,1650,18,4.2,86,104,861,34,31.3,16.8,12
2015,31,Dallas Cowboys,86,275,5361,969,5.5,33,11,307,334,528,3471,16,22,6.2,175,408,1890,8,4.6,94,112,882,38,31.4,18,374,5567,997,5.6,11,3,317,330,506,3636,19,8,6.8,172,460,1931,16,4.2,113,113,900,32,36.7,5.6,4
2016,5,Dallas Cowboys,87,421,6027,1010,6,15,9,358,325,483,3631,25,6,7.1,191,499,2396,24,4.8,142,105,879,25,43.9,8.7,306,5503,1009,5.5,20,11,330,425,633,4167,25,9,6.2,226,340,1336,9,3.9,79,90,784,25,35.1,11.3,13
2017,14,Dallas Cowboys,88,354,5311,1005,5.3,22,9,314,309,493,3141,22,13,6,162,480,2170,18,4.5,127,97,939,25,36.3,11.1,332,5089,1000,5.1,21,11,312,371,559,3425,28,10,5.7,181,403,1664,7,4.1,96,107,880,35,31.6,10.5,9
2018,22,Dallas Cowboys,89,339,5501,1022,5.4,17,9,322,356,527,3538,22,8,6.1,184,439,1963,13,4.5,113,104,885,25,37.9,10.1,324,5268,981,5.4,20,11,309,367,542,3755,22,9,6.5,193,400,1513,12,3.8,89,89,681,27,36.5,12,10
2019,6,Dallas Cowboys,90,434,6904,1069,6.5,18,7,379,388,597,4751,30,11,7.7,229,449,2153,18,4.8,120,109,1008,30,44.6,10.3,321,5232,1015,5.2,17,10,327,370,569,3576,21,7,5.9,188,407,1656,14,4.1,101,102,855,38,35.5,9.9,8
2010,19,Denver Broncos,91,344,5582,1018,5.5,27,15,309,334,580,4038,25,12,6.5,204,398,1544,13,3.9,81,98,944,24,30.6,11.7,471,6253,1056,5.9,18,8,334,297,502,3780,26,10,7.2,184,531,2473,26,4.7,126,98,921,24,40.7,8,4
2011,25,Denver Broncos,92,309,5066,1017,5,30,17,286,217,429,2434,20,13,5.2,130,546,2632,11,4.8,129,101,843,27,24.5,14.2,390,5725,1063,5.4,18,9,315,333,534,3704,24,9,6.4,182,488,2021,11,4.1,101,99,845,32,33,7.8,8
2012,2,Denver Broncos,93,481,6366,1090,5.8,25,14,380,402,588,4534,37,11,7.4,232,481,1832,12,3.8,112,100,805,36,39.9,12.2,289,4652,1015,4.6,24,8,287,321,559,3194,25,16,5.2,183,404,1458,5,3.6,73,123,951,31,26.9,11.9,13
2013,1,Denver Broncos,94,606,7317,1156,6.3,26,16,435,461,675,5444,55,10,7.8,293,461,1873,16,4.1,107,117,1000,35,47.5,10.4,399,5696,1074,5.3,26,9,339,357,613,4070,29,17,6.2,208,420,1626,15,3.9,90,97,807,41,32.5,12.6,13
2014,2,Denver Broncos,95,482,6446,1067,6,20,5,360,399,607,4661,40,15,7.5,227,443,1785,15,4,98,120,1045,35,39.9,9.6,354,4883,1031,4.7,25,7,311,399,641,3607,29,18,5.3,219,349,1276,9,3.7,60,103,816,32,31.3,11.8,12
2015,19,Denver Broncos,96,355,5688,1056,5.4,31,8,314,368,606,3970,19,23,6.2,201,411,1718,13,4.2,85,115,1063,28,31.2,15.1,296,4530,1033,4.4,27,13,289,344,573,3193,19,14,5.1,162,408,1337,10,3.3,81,104,773,46,26.9,11.9,12
2016,22,Denver Broncos,97,333,5169,1020,5.1,25,14,290,339,570,3685,20,11,6,181,410,1484,11,3.6,76,119,985,33,30.3,11.6,297,5057,1076,4.7,27,13,306,306,552,2972,13,14,5,169,482,2085,15,4.3,101,110,990,36,29.4,12.2,9
2017,27,Denver Broncos,98,289,5185,1075,4.8,34,12,297,332,566,3333,19,22,5.4,180,457,1852,8,4.1,92,113,885,25,26.4,16.6,382,4640,952,4.9,17,7,266,294,491,3210,29,10,6.1,166,428,1430,9,3.3,68,89,821,32,32.5,8.8,5
2018,24,Denver Broncos,99,329,5602,1015,5.5,21,6,320,367,588,3695,19,15,5.9,181,393,1907,18,4.9,107,125,985,32,30.6,11.3,349,5842,1022,5.7,28,11,318,353,549,3929,26,17,6.6,197,429,1913,11,4.5,85,123,1006,36,34.1,14.1,6
2019,28,Denver Broncos,100,282,4777,954,5,16,6,279,312,504,3115,16,10,5.7,162,409,1662,11,4.1,77,110,912,40,32.9,9.4,316,5392,1003,5.4,17,7,305,348,537,3609,19,10,6.3,175,426,1783,9,4.2,96,121,1041,34,37.3,8.4,7
2010,15,Detroit Lions,101,362,5423,1064,5.1,25,9,304,383,633,3810,26,16,5.8,199,404,1613,11,4,83,136,1018,22,32.1,12.4,369,5497,1005,5.5,29,15,320,330,518,3498,23,14,6.2,187,443,1999,18,4.5,98,106,854,35,31.3,13.5,6
2011,4,Detroit Lions,102,474,6337,1058,6,23,7,349,423,666,4814,41,16,6.9,244,356,1523,9,4.3,71,128,1075,34,37.6,10.7,387,5881,1055,5.6,34,13,325,376,604,3831,26,21,5.9,195,410,2050,10,5,91,119,982,39,32.4,16.2,10
2012,17,Detroit Lions,103,372,6540,1160,5.6,33,16,382,445,740,4927,22,17,6.4,272,391,1613,17,4.1,84,103,944,26,36,15.2,437,5458,998,5.5,17,6,305,346,544,3569,26,11,6.2,167,420,1889,13,4.5,107,93,789,31,36.8,8.4,4
2013,13,Detroit Lions,104,395,6274,1102,5.7,34,15,350,371,634,4482,29,19,6.8,221,445,1792,15,4,106,110,925,23,32.1,17.3,376,5546,982,5.6,22,7,290,338,572,3950,24,15,6.5,197,377,1596,10,4.2,62,87,681,31,35.7,11.1,7
2014,22,Detroit Lions,105,321,5452,1045,5.2,20,8,310,365,604,4030,22,12,6.2,210,396,1422,11,3.6,72,118,989,28,32.4,9.5,282,4815,984,4.9,27,7,310,383,592,3706,23,20,5.8,209,350,1109,8,3.2,59,99,849,42,26.9,14.3,11
2015,18,Detroit Lions,106,358,5547,1030,5.4,24,10,337,420,632,4212,33,14,6.2,236,354,1335,7,3.8,71,104,930,30,34.6,12.3,400,5597,999,5.6,19,10,319,360,528,3789,27,9,6.6,191,428,1808,18,4.2,96,96,785,32,38.2,9.1,7
2016,20,Detroit Lions,107,346,5421,981,5.5,15,5,329,388,594,4111,24,10,6.5,217,350,1310,9,3.7,76,100,861,36,41,9,358,5676,964,5.9,14,4,333,399,549,3975,33,10,6.9,206,389,1701,8,4.4,99,122,979,28,39.4,8.8,9
2017,7,Detroit Lions,108,410,5404,980,5.5,22,11,296,374,570,4183,29,11,6.8,210,363,1221,10,3.4,58,104,968,28,37.3,11.9,376,5692,1037,5.5,32,13,349,366,570,3892,21,19,6.4,205,432,1800,18,4.2,109,110,971,35,32.3,16.1,9
2018,25,Detroit Lions,109,324,5236,1019,5.1,19,7,325,375,574,3576,22,12,5.8,201,404,1660,11,4.1,91,94,852,33,35.3,11,360,5360,942,5.7,14,7,315,323,496,3599,29,7,6.7,191,403,1761,11,4.4,88,94,886,36,34.5,7,6
2019,18,Detroit Lions,110,341,5549,1021,5.4,23,8,313,344,571,3900,28,15,6.4,196,407,1649,7,4.1,82,113,937,35,33.3,11.7,423,6406,1094,5.9,18,11,365,381,611,4551,33,7,7.1,232,455,1855,13,4.1,94,117,960,39,40.1,9,3
2010,10,Green Bay Packers,111,388,5730,1000,5.7,22,9,312,352,541,4124,31,13,7.1,204,421,1606,11,3.8,88,78,617,20,35,10.9,240,4945,969,5.1,32,8,270,296,527,3107,16,24,5.4,163,395,1838,6,4.7,82,98,758,25,25.3,16.5,10
2011,1,Green Bay Packers,112,560,6482,988,6.6,14,6,353,376,552,4924,51,8,8.3,230,395,1558,12,3.9,89,76,591,34,48.3,6.1,359,6585,1049,6.3,38,7,358,390,637,4796,29,31,7.2,246,383,1789,10,4.7,96,122,948,16,33.9,20.2,15
2012,5,Green Bay Packers,113,433,5751,1042,5.5,16,8,341,374,558,4049,40,8,6.6,213,433,1702,9,3.9,85,103,923,43,37.6,8.1,336,5388,1033,5.2,23,5,308,313,568,3492,24,18,5.7,191,418,1896,12,4.5,83,123,1055,34,33.2,11.8,11
2013,8,Green Bay Packers,114,417,6404,1074,6,25,9,351,366,570,4268,25,16,6.9,201,459,2136,17,4.7,119,86,801,31,40.9,12.4,428,5956,1015,5.9,22,11,330,332,539,3956,30,11,6.8,190,432,2000,16,4.6,116,99,883,24,38.9,12.2,8
2014,1,Green Bay Packers,115,486,6178,1001,6.2,13,7,356,349,536,4261,38,6,7.5,222,435,1917,14,4.4,104,92,775,30,46.7,7.1,348,5542,1054,5.3,27,9,339,333,564,3623,26,18,6,196,449,1919,11,4.3,116,104,945,27,33.1,14.9,12
2015,15,Green Bay Packers,116,368,5353,1056,5.1,17,9,317,348,573,3503,31,8,5.7,173,436,1850,8,4.2,100,105,906,44,33.3,8.9,323,5547,1014,5.5,22,6,300,321,551,3642,20,16,6.1,183,420,1905,13,4.5,96,120,1107,21,31.3,11.5,10
2016,4,Green Bay Packers,117,432,5900,1029,5.7,17,9,349,403,620,4199,40,8,6.4,222,374,1701,11,4.5,91,100,827,36,43.8,9.1,388,5823,987,5.9,25,8,329,370,571,4308,32,17,7.1,227,376,1515,11,4,80,109,964,22,41,13.9,10
2017,21,Green Bay Packers,118,320,4891,999,4.9,25,7,307,352,562,3167,25,18,5.2,176,386,1724,13,4.5,99,96,789,32,30.5,13.2,384,5582,1014,5.5,22,11,331,348,513,3789,30,11,6.9,211,464,1793,10,3.9,95,94,832,25,40.2,11.5,7
2018,14,Green Bay Packers,119,376,5905,1026,5.8,15,11,332,392,640,4238,25,4,6.1,208,333,1667,14,5,98,108,937,26,38.8,6.7,400,5670,1017,5.6,15,8,331,336,527,3752,30,7,6.6,199,446,1918,15,4.3,100,97,792,32,37.9,8.2,6
2019,15,Green Bay Packers,120,376,5528,1020,5.4,13,9,320,356,573,3733,26,4,6.1,190,411,1795,18,4.4,90,100,774,40,37.1,6.9,313,5642,998,5.7,25,8,310,326,546,3721,19,17,6.3,191,411,1921,15,4.7,99,97,968,20,34.5,14.1,13
2010,9,Houston Texans,121,390,6186,1029,6,18,6,360,365,574,4144,24,12,6.8,222,423,2042,20,4.8,118,90,690,20,39.7,10.1,427,6031,1010,6,18,5,352,354,547,4280,33,13,7.4,211,433,1751,16,4,113,105,851,28,40.2,10.3,6
2011,10,Houston Texans,122,381,5954,1046,5.7,20,11,321,288,467,3506,20,9,7,176,546,2448,18,4.5,131,99,852,14,37.2,10.5,278,4571,960,4.8,27,10,270,279,538,3035,18,17,5.2,166,378,1536,8,4.1,73,88,686,31,29.8,13.8,10
2012,8,Houston Texans,123,416,5953,1090,5.5,17,4,341,354,554,3830,22,13,6.6,205,508,2123,19,4.2,114,108,873,22,35.6,8.4,331,5172,1015,5.1,29,14,292,308,581,3612,29,15,5.8,167,390,1560,5,4,94,90,863,31,28,14.5,12
2013,31,Houston Texans,124,276,5556,1089,5.1,31,9,307,371,633,3813,19,22,5.6,198,414,1743,7,4.2,90,112,1138,19,25.9,14.9,428,5081,970,5.2,11,4,282,287,484,3123,29,7,6.1,158,454,1958,11,4.3,88,103,809,36,36.1,5.7,2
2014,14,Houston Texans,125,372,5513,1062,5.2,22,9,313,295,485,3352,22,13,6.6,171,551,2161,12,3.9,108,94,834,34,33,11.3,307,5571,1077,5.2,34,14,329,363,619,3890,28,20,5.9,206,420,1681,6,4,89,99,786,34,26.6,16.1,9
2015,22,Houston Texans,126,339,5564,1127,4.9,20,8,335,358,619,3833,29,12,5.9,210,472,1731,7,3.7,90,107,910,35,28.9,9.8,313,4963,986,5,25,11,281,326,553,3366,24,14,5.6,173,388,1597,10,4.1,79,116,991,29,27.3,11.1,9
2016,28,Houston Texans,127,279,5035,1071,4.7,24,8,305,347,583,3176,15,16,5.2,173,456,1859,8,4.1,102,87,868,30,31.4,11.4,328,4821,950,5.1,17,6,272,319,522,3226,20,11,5.8,157,397,1595,13,4,87,114,949,28,31.7,9.1,9
2017,17,Houston Texans,128,338,5120,1027,5,28,11,313,299,525,3278,28,17,5.7,180,448,1842,8,4.1,86,124,1050,47,29.2,14.6,436,5546,973,5.7,16,5,301,321,501,3799,30,11,7.1,176,440,1747,14,4,88,122,1128,37,39.7,7.7,4
2018,11,Houston Texans,129,402,5802,1040,5.6,16,7,333,345,506,3781,26,9,6.7,202,472,2021,12,4.3,94,105,787,37,40.3,8.1,316,5490,1022,5.4,29,14,298,385,594,4167,28,15,6.5,200,385,1323,8,3.4,76,117,945,22,31.6,13.9,11
2019,14,Houston Texans,130,378,5792,1017,5.7,22,8,346,355,534,3783,27,14,6.5,203,434,2009,17,4.6,112,111,892,31,37.7,12,385,6213,1020,6.1,22,10,346,375,586,4276,33,12,6.9,220,403,1937,12,4.8,98,109,859,28,39.3,13.1,10
2010,4,Indianapolis Colts,131,435,6092,1088,5.6,25,8,366,450,679,4609,33,17,6.6,253,393,1483,13,3.8,87,79,709,26,40.2,13.4,388,5465,1010,5.4,21,11,314,356,535,3433,22,10,6.1,190,445,2032,14,4.6,111,95,812,13,37,10.5,10
2011,29,Indianapolis Colts,132,243,4589,951,4.8,29,15,258,302,534,2995,14,14,5.3,170,382,1594,8,4.2,69,76,549,19,24.2,15.6,430,5935,1062,5.6,17,9,343,351,493,3632,25,8,7,193,540,2303,19,4.3,136,84,804,14,39.2,9.1,2
2012,19,Indianapolis Colts,133,357,5799,1109,5.2,27,9,360,339,628,4128,23,18,6.2,208,440,1671,11,3.8,110,94,801,42,33.3,13.9,387,5988,995,6,15,3,325,334,535,3788,23,12,6.7,190,428,2200,14,5.1,102,128,1208,33,38.3,8.3,11
2013,14,Indianapolis Colts,134,391,5468,1023,5.3,14,4,318,350,582,3725,23,10,6.1,191,409,1743,15,4.3,88,66,576,39,38.8,6.9,336,5713,1026,5.6,27,12,319,324,536,3711,21,15,6.4,191,448,2002,14,4.5,101,112,990,27,31.7,13.7,11
2014,6,Indianapolis Colts,135,458,6506,1105,5.9,31,15,371,410,661,4894,42,16,7.1,251,415,1612,9,3.9,80,105,848,40,39.5,14.6,369,5483,1007,5.4,26,14,309,320,543,3669,27,12,6.3,175,423,1814,14,4.3,103,101,866,31,28.1,12.6,11
2015,24,Indianapolis Colts,136,333,5142,1052,4.9,30,11,311,355,619,3704,26,19,5.6,195,396,1438,6,3.6,77,108,931,39,29.4,14.4,408,6066,1072,5.7,25,8,331,354,585,4114,29,17,6.6,210,452,1952,14,4.3,89,133,1168,32,36.6,12.4,8
2016,8,Indianapolis Colts,137,411,5830,1037,5.6,22,7,351,370,584,4202,32,15,6.7,220,409,1628,13,4,93,103,883,38,40.6,12.2,392,6126,1024,6,17,9,353,378,582,4200,27,8,6.8,225,409,1926,12,4.7,93,125,1155,35,41.5,9.7,8
2017,30,Indianapolis Colts,138,263,4553,994,4.6,15,6,267,285,487,2892,13,9,5.3,148,451,1661,11,3.7,94,92,779,25,29.4,8.3,404,5873,1026,5.7,20,7,324,320,513,3946,23,13,7.3,192,488,1927,15,3.9,99,102,822,33,39.7,10.3,4
2018,5,Indianapolis Colts,139,433,6179,1070,5.8,24,9,371,432,644,4461,39,15,6.7,237,408,1718,13,4.2,96,120,953,38,41.2,13.2,344,5435,997,5.5,26,11,315,384,542,3805,21,15,6.6,203,417,1630,12,3.9,87,131,1115,25,35.5,14.5,10
2019,17,Indianapolis Colts,140,361,5238,1016,5.2,21,11,340,307,513,3108,22,10,5.7,165,471,2130,17,4.5,131,79,670,44,36.1,11.4,373,5549,986,5.6,23,8,323,394,562,3982,29,15,6.6,207,383,1567,8,4.1,93,111,1040,23,39.3,13.1,7
2010,18,Jacksonville Jaguars,141,353,5460,1019,5.4,33,12,330,291,469,3065,26,21,6,161,512,2395,14,4.7,148,83,675,21,35,16.9,419,5949,948,6.3,18,5,316,329,506,4004,28,13,7.5,197,416,1945,19,4.7,98,85,748,21,40.2,9.8,8
2011,28,Jacksonville Jaguars,142,243,4149,1002,4.1,23,8,251,240,469,2179,12,15,4.2,122,489,1970,9,4,103,77,680,26,22.7,11.3,329,5008,979,5.1,28,11,268,326,513,3341,21,17,6.1,175,435,1667,14,3.8,73,105,895,20,29.2,13.3,5
2012,30,Jacksonville Jaguars,143,255,4788,994,4.8,26,9,269,328,586,3419,20,17,5.4,157,358,1369,5,3.8,76,101,955,36,25.5,12.8,444,6088,1100,5.5,23,11,364,341,535,3832,21,12,6.9,194,545,2256,19,4.1,133,101,820,37,39.8,11,2
2013,32,Jacksonville Jaguars,144,247,4701,1020,4.6,27,6,271,349,592,3441,16,21,5.4,176,378,1260,7,3.3,71,96,797,24,23.6,13.8,449,6070,1089,5.6,21,10,353,354,551,3962,29,11,6.8,200,507,2108,20,4.2,121,87,729,32,38.1,10.7,4
2014,32,Jacksonville Jaguars,145,249,4634,988,4.7,26,8,271,325,557,3001,15,18,4.8,154,360,1633,9,4.5,86,73,573,31,22.6,12.8,412,5932,1085,5.5,20,14,330,355,541,3899,24,6,6.7,200,499,2033,15,4.1,107,115,886,23,36.3,9.8,3
2015,14,Jacksonville Jaguars,146,376,5581,1012,5.5,28,10,313,355,607,4108,35,18,6.2,215,354,1473,5,4.2,69,105,880,29,34.2,14,448,6000,1102,5.4,18,9,362,390,602,4291,29,9,6.7,222,464,1709,15,3.7,102,114,989,38,38.1,8.8,5
2016,25,Jacksonville Jaguars,147,318,5359,1052,5.1,29,13,321,369,626,3728,24,16,5.6,207,392,1631,8,4.2,75,129,1187,39,31.4,13.6,400,5147,1030,5,13,6,305,345,551,3444,20,7,5.9,174,446,1703,17,3.8,93,101,948,38,39.3,5.8,3
2017,5,Jacksonville Jaguars,148,417,5855,1078,5.4,23,10,332,316,527,3593,21,13,6.5,193,527,2262,18,4.3,101,112,936,38,34.7,11.1,268,4578,993,4.6,33,12,257,289,509,2718,17,21,4.8,143,429,1860,9,4.3,91,112,1050,23,23.9,15.6,10
2018,31,Jacksonville Jaguars,149,245,4832,1005,4.8,29,16,277,329,536,3109,15,13,5.3,164,416,1723,7,4.1,92,121,1112,21,25,15.6,316,4983,970,5.1,17,6,288,312,499,3113,17,11,5.8,162,434,1870,16,4.3,89,92,735,37,33.1,8.3,5
2019,26,Jacksonville Jaguars,150,300,5468,1020,5.4,20,12,298,364,589,3760,24,8,6,183,389,1708,3,4.4,85,132,1165,30,33.9,10.2,397,6007,999,6,19,9,340,327,517,3778,22,10,6.7,193,435,2229,23,5.1,114,102,883,33,37.4,9.2,6
2010,14,Kansas City Chiefs,151,366,5595,1063,5.3,14,6,319,274,475,2968,27,8,5.9,167,556,2627,13,4.7,129,90,771,23,31.3,6.8,326,5283,1028,5.1,23,9,293,319,581,3519,23,14,5.7,186,408,1764,11,4.3,88,111,922,19,28.1,10.9,10
2011,31,Kansas City Chiefs,152,212,4973,1021,4.9,28,10,277,299,500,3080,13,18,5.8,163,487,1893,5,3.9,89,110,916,25,22.2,12.7,338,5333,991,5.4,26,6,291,257,454,3221,23,20,6.7,169,508,2112,14,4.2,96,108,834,26,31.9,13.8,7
2012,32,Kansas City Chiefs,153,211,5108,1015,5,37,17,286,273,475,2713,8,20,5.3,144,500,2395,9,4.8,118,92,733,24,24.2,18.8,425,5704,973,5.9,13,6,301,279,464,3533,29,7,7.2,176,482,2171,11,4.5,106,81,670,19,40.4,6.2,2
2013,7,Kansas City Chiefs,154,430,5396,1029,5.2,18,10,323,333,546,3340,24,8,5.7,179,442,2056,17,4.7,110,101,774,34,32,9.1,305,5885,1067,5.5,36,15,303,334,592,3962,25,21,6.2,189,428,1923,9,4.5,88,112,852,26,27.5,15.7,11
2014,16,Kansas City Chiefs,155,353,5100,962,5.3,17,11,309,320,493,3182,18,6,5.9,184,420,1918,18,4.6,92,88,681,33,35.8,9.2,281,5288,1024,5.2,14,8,310,318,545,3252,22,6,5.5,184,433,2036,4,4.7,108,107,851,18,32.6,6.7,9
2015,9,Kansas City Chiefs,156,405,5299,955,5.5,15,8,303,310,473,3255,20,7,6.3,155,436,2044,19,4.7,116,104,878,32,37.9,7.1,287,5269,1037,5.1,29,7,313,349,607,3698,25,22,5.7,193,383,1571,7,4.1,86,110,941,34,27.3,15.3,11
2016,13,Kansas City Chiefs,157,389,5488,990,5.5,17,9,305,365,546,3740,19,8,6.5,197,412,1748,15,4.2,86,109,848,22,37.1,9,311,5896,1063,5.5,33,15,342,350,598,3958,23,18,6.3,209,437,1938,10,4.4,102,109,797,31,31.9,16.5,12
2017,6,Kansas City Chiefs,158,415,6007,985,6.1,11,3,322,363,543,4104,26,8,7.1,198,405,1903,12,4.7,95,118,1044,29,44.9,6.3,339,5842,1044,5.6,26,10,352,325,570,3952,23,16,6.6,204,443,1890,15,4.3,112,107,864,36,33.5,13.4,10
2018,1,Kansas City Chiefs,159,565,6810,996,6.8,18,6,384,385,583,4955,50,12,8.1,239,387,1855,16,4.8,108,137,1152,37,52.6,10.5,421,6488,1109,5.9,27,12,419,406,632,4374,30,15,6.4,247,425,2114,19,5,129,107,881,43,40.8,14.9,12
2019,5,Kansas City Chiefs,160,451,6067,976,6.2,15,10,350,378,576,4498,30,5,7.5,211,375,1569,16,4.2,93,107,1029,46,49.4,8,308,5594,1043,5.4,23,7,344,352,582,3543,21,16,5.7,190,416,2051,14,4.9,115,116,844,39,34.6,13.6,12
2017,13,Los Angeles Chargers,161,355,6026,1020,5.9,15,4,337,366,583,4431,28,11,7.4,220,419,1595,10,3.8,84,108,927,33,33.3,8.5,272,5254,997,5.3,27,9,282,329,524,3156,17,18,5.6,153,430,2098,11,4.9,99,109,996,30,28.5,15.1,9
2018,7,Los Angeles Chargers,162,428,5962,945,6.3,19,7,338,348,512,4089,32,12,7.5,213,399,1873,16,4.7,100,113,967,25,42.4,10,329,5339,981,5.4,20,7,311,351,548,3646,23,13,6.2,178,395,1693,11,4.3,101,103,828,32,33.7,11.8,12
2019,21,Los Angeles Chargers,163,337,5879,997,5.9,31,11,349,394,597,4426,24,20,7,220,366,1453,12,4,90,103,872,39,39.5,18.5,345,5009,923,5.4,14,3,285,328,464,3204,21,11,6.5,156,429,1805,15,4.2,101,108,959,28,37.3,8.2,5
2016,32,Los Angeles Rams,164,224,4203,960,4.4,29,9,245,312,536,2951,14,20,5,151,375,1252,9,3.3,68,126,1091,26,21.8,14.5,394,5392,1037,5.2,18,8,325,378,582,3732,32,10,6.1,194,424,1660,12,3.9,91,108,920,40,31.3,9.4,4
2017,1,Los Angeles Rams,165,478,5784,1000,5.8,21,14,311,320,518,3831,28,7,7,185,454,1953,17,4.3,97,107,922,29,45.3,9.5,329,5432,1021,5.3,28,10,300,324,555,3475,21,18,5.8,181,418,1957,15,4.7,86,102,808,33,30.6,14,11
2018,2,Los Angeles Rams,166,527,6738,1060,6.4,19,7,401,368,568,4507,32,12,7.5,236,459,2231,23,4.9,134,96,878,31,48.6,9.8,384,5737,960,6,30,12,322,347,533,3780,31,18,6.6,185,386,1957,12,5.1,101,99,852,36,38.2,16.9,13
2019,11,Los Angeles Rams,167,394,5998,1055,5.7,24,7,342,397,632,4499,22,17,6.9,222,401,1499,20,3.7,92,118,899,28,36,12.9,364,5434,1056,5.1,24,11,324,348,562,3625,23,13,5.9,194,444,1809,15,4.1,100,105,829,30,33.7,12.7,9
2010,30,Miami Dolphins,168,273,5170,1040,5,31,10,300,335,557,3527,17,21,5.9,189,445,1643,8,3.7,91,72,595,20,29.7,15.7,333,4949,988,5,19,8,264,288,502,3348,22,11,6.2,166,447,1601,8,3.6,84,85,730,14,31.5,9.9,7
2011,20,Miami Dolphins,169,329,5078,990,5.1,25,12,287,280,469,3091,20,13,5.9,166,469,1987,11,4.2,89,85,779,32,32.8,12.8,313,5522,1043,5.3,19,3,310,350,590,3992,24,16,6.3,198,412,1530,8,3.7,88,112,975,24,29.7,8.7,6
2012,27,Miami Dolphins,170,288,4984,981,5.1,26,13,288,293,504,3182,13,13,5.9,158,440,1802,15,4.1,93,82,724,37,27.4,12.9,317,5708,1073,5.3,16,6,320,353,600,3974,18,10,6.2,215,431,1734,10,4,79,121,1045,26,32.2,8.2,7
2013,26,Miami Dolphins,171,317,5007,1001,5,26,7,278,357,594,3567,24,19,5.5,205,349,1440,8,4.1,61,70,598,12,29.9,13.4,335,5750,1106,5.2,24,6,327,344,580,3752,17,18,6,192,484,1998,14,4.1,114,95,748,21,33.5,11.9,8
2014,11,Miami Dolphins,172,388,5601,1040,5.4,23,11,361,394,595,3729,27,12,5.8,226,399,1872,12,4.7,99,81,635,36,37.6,10.5,373,5494,1029,5.3,25,11,309,338,537,3557,27,14,6.2,194,453,1937,13,4.3,99,105,920,16,36.7,13.3,8
2015,27,Miami Dolphins,173,310,5307,977,5.4,19,7,291,365,588,3811,24,12,6,194,344,1496,11,4.3,72,134,1090,25,25.7,9.6,389,6019,1076,5.6,16,3,351,350,542,4000,31,13,7,203,503,2019,13,4,112,121,1005,36,34,8.4,6
2016,17,Miami Dolphins,174,363,5324,913,5.8,23,8,278,316,477,3500,27,15,6.9,167,406,1824,14,4.5,90,125,1142,21,30.7,11.1,380,6122,1088,5.6,25,9,349,368,591,3875,30,16,6.2,199,464,2247,12,4.8,109,109,919,41,35.1,12.9,10
2017,28,Miami Dolphins,175,281,4923,995,4.9,29,8,284,373,602,3535,24,21,5.6,187,360,1388,4,3.9,66,137,1154,31,25.8,15.3,393,5371,989,5.4,15,6,319,339,528,3603,26,9,6.5,190,431,1768,14,4.1,88,122,1077,41,36.6,8.1,6
2018,26,Miami Dolphins,176,319,4638,878,5.3,23,10,252,292,455,2900,26,13,5.7,153,371,1738,7,4.7,75,108,978,24,28.3,12.5,433,6257,1024,6.1,28,7,350,335,508,3932,31,21,7.3,195,485,2325,17,4.8,116,107,856,39,39.9,14.2,7
2019,25,Miami Dolphins,177,306,4960,1022,4.9,26,8,315,371,615,3804,22,18,5.7,210,349,1156,10,3.3,64,92,769,41,30.6,13.3,494,6364,1053,6,16,3,361,344,545,4198,39,13,7.4,214,485,2166,15,4.5,113,111,1084,34,45.6,8.8,5
2010,29,Minnesota Vikings,178,281,5039,982,5.1,37,11,289,305,505,3097,14,26,5.7,159,441,1942,16,4.4,104,100,769,26,24.9,19,348,5002,977,5.1,26,11,276,333,529,3367,25,15,6,178,417,1635,10,3.9,87,98,786,11,28.8,12.5,6
2011,19,Minnesota Vikings,179,340,5275,1007,5.2,26,9,297,286,510,2957,20,17,5.3,159,448,2318,18,5.2,118,109,908,20,31.7,13.2,449,5731,1027,5.6,23,15,332,367,538,4019,34,8,6.8,213,439,1712,10,3.9,92,97,834,27,41.1,10.8,3
2012,14,Minnesota Vikings,180,379,5385,1001,5.4,23,11,306,300,483,2751,18,12,5.3,163,486,2634,16,5.4,113,90,830,30,37.9,12.6,348,5600,1083,5.2,22,12,345,391,612,3908,28,10,6,229,427,1692,10,4,82,111,949,34,33.7,11.8,10
2013,15,Minnesota Vikings,181,391,5508,1013,5.4,32,13,309,325,546,3427,18,19,5.8,173,423,2081,23,4.9,106,70,695,30,34.4,14.9,480,6362,1132,5.6,20,8,368,419,648,4595,37,12,6.7,247,443,1767,14,4,101,100,1003,20,39.6,9.1,5
2014,20,Minnesota Vikings,182,325,5048,981,5.1,20,2,288,322,517,3244,17,18,5.7,171,413,1804,12,4.4,90,100,836,27,31.8,10.8,343,5515,1025,5.4,19,6,321,353,534,3572,26,13,6.2,189,450,1943,10,4.3,100,112,938,32,34.1,10.1,7
2015,16,Minnesota Vikings,183,365,5139,973,5.3,17,8,297,294,454,2928,14,9,5.9,153,474,2211,18,4.7,113,88,797,31,38.4,9.3,302,5510,1015,5.4,22,9,318,359,561,3762,24,13,6.2,189,411,1748,7,4.3,94,109,875,35,33.3,11.9,11
2016,23,Minnesota Vikings,184,327,5041,1006,5,16,11,303,414,588,3836,20,5,6.1,209,380,1205,9,3.2,66,103,882,28,32.8,7.5,307,5038,993,5.1,27,13,304,332,548,3327,22,14,5.6,186,404,1711,9,4.2,87,99,825,31,33.3,14.1,8
2017,10,Minnesota Vikings,185,382,5710,1055,5.4,14,6,334,357,527,3753,25,8,6.8,196,501,1957,15,3.9,100,100,949,38,38.9,7.6,252,4415,956,4.6,19,5,260,324,555,3078,13,14,5.2,168,364,1337,10,3.7,59,105,928,33,27.9,10.1,13
2018,19,Minnesota Vikings,186,360,5529,1003,5.5,20,10,310,425,606,4036,30,10,6.2,218,357,1493,9,4.2,66,92,779,26,32.4,10.6,341,4955,993,5,20,8,303,315,503,3140,15,12,5.7,160,440,1815,13,4.1,107,106,834,36,33.7,10.5,8
2019,8,Minnesota Vikings,187,407,5656,970,5.8,20,12,314,319,466,3523,26,8,7.1,171,476,2133,19,4.5,106,96,895,37,41.9,10.5,303,5465,1053,5.2,31,14,324,394,601,3737,23,17,5.8,215,404,1728,8,4.3,78,83,713,31,34.5,17,10
2010,1,New England Patriots,188,518,5820,986,5.9,10,5,335,331,507,3847,37,5,7.2,196,454,1973,19,4.3,119,83,766,20,47,5.4,313,5864,1056,5.6,38,13,348,388,611,4136,25,25,6.4,226,409,1728,10,4.2,99,84,687,23,30.7,21,14
2011,3,New England Patriots,189,513,6848,1082,6.3,17,5,399,402,612,5084,39,12,7.9,262,438,1764,18,4,107,87,815,30,47.2,8.3,342,6577,1064,6.2,34,11,370,386,619,4703,26,23,7.1,245,405,1874,13,4.6,101,115,907,24,32.6,17.1,13
2012,1,New England Patriots,190,557,6846,1191,5.7,16,7,444,402,641,4662,34,9,7,256,523,2184,25,4.2,151,97,840,37,48.1,8.1,331,5972,1046,5.7,41,21,340,369,594,4342,27,20,6.9,207,415,1630,10,3.9,100,101,932,33,30.1,20.4,12
2013,3,New England Patriots,191,444,6152,1138,5.4,20,9,378,380,628,4087,25,11,6.1,225,470,2065,19,4.4,110,69,625,43,40.8,10,338,5969,1118,5.3,29,12,338,336,589,3824,25,17,6,208,481,2145,11,4.5,110,110,951,20,29.6,13.3,12
2014,4,New England Patriots,192,468,5848,1073,5.5,13,4,361,392,609,4121,34,9,6.5,228,438,1727,13,3.9,96,120,1080,37,45.3,7.2,313,5506,1033,5.3,25,9,329,342,574,3837,24,16,6.2,196,419,1669,6,4,88,92,752,45,32.4,13.2,12
2015,3,New England Patriots,193,465,5991,1050,5.7,14,7,348,404,629,4587,36,7,6.9,230,383,1404,14,3.7,87,96,860,31,43.2,5.7,315,5430,1042,5.2,21,9,303,361,596,3852,24,12,6,204,397,1578,8,4,77,112,1013,22,28.9,10.5,12
2016,3,New England Patriots,194,441,6180,1056,5.9,11,9,351,368,550,4308,32,2,7.5,203,482,1872,19,3.9,109,93,819,39,42.9,4.9,250,5223,998,5.2,23,10,294,368,596,3806,21,13,6,190,368,1417,6,3.9,81,113,930,23,26.8,11.2,14
2017,2,New England Patriots,195,458,6307,1070,5.9,12,4,389,389,587,4418,32,8,7.1,232,448,1889,16,4.2,107,95,835,50,49.4,6.9,296,5856,1022,5.7,18,6,325,367,590,4020,24,12,6.4,204,390,1836,6,4.7,98,111,1035,23,30.2,9.9,13
2018,4,New England Patriots,196,436,6295,1073,5.9,18,7,365,378,574,4258,29,11,7.2,206,478,2037,18,4.3,131,93,744,28,40.8,9.2,325,5746,1002,5.7,28,10,322,370,605,3943,29,18,6.2,208,367,1803,7,4.9,93,91,838,21,32.6,15,11
2019,7,New England Patriots,197,420,5664,1095,5.2,15,6,338,378,620,3961,25,9,6.1,197,447,1703,17,3.8,110,94,828,31,36.8,7.6,225,4414,948,4.7,36,11,261,303,536,2886,13,25,5,150,365,1528,7,4.2,72,107,920,39,19.4,17.3,12
2010,11,New Orleans Saints,198,384,5960,1067,5.6,31,9,351,450,661,4441,33,22,6.5,236,380,1519,9,4,94,90,884,21,38.5,16.7,307,4900,948,5.2,25,16,273,306,494,3103,13,9,5.9,150,421,1797,13,4.3,94,88,701,29,31.8,12.7,11
2011,2,New Orleans Saints,199,547,7474,1117,6.7,19,5,416,472,662,5347,46,14,7.8,280,431,2127,16,4.9,116,99,851,20,51.4,10.9,339,5895,1010,5.8,16,7,326,362,626,4157,24,9,6.3,196,351,1738,11,5,92,109,912,38,34.1,8.8,13
2012,3,New Orleans Saints,200,461,6574,1067,6.2,24,5,352,423,671,4997,43,19,7.2,267,370,1577,10,4.3,64,104,911,21,37.4,12.1,454,7042,1089,6.5,26,11,380,370,602,4681,31,15,7.4,236,457,2361,18,5.2,116,102,835,28,39.6,13,7
2013,10,New Orleans Saints,201,414,6391,1079,5.9,19,7,359,446,651,4918,39,12,7.1,244,391,1473,10,3.8,87,95,817,28,40.3,8.3,304,4891,943,5.2,19,7,274,304,507,3105,20,12,5.6,168,387,1786,11,4.6,82,91,750,24,30.4,10.5,11
2014,9,New Orleans Saints,202,401,6582,1095,6,30,13,395,456,659,4764,33,17,6.9,258,406,1818,16,4.5,101,80,670,36,39.1,16.7,424,6144,1022,6,17,5,345,341,546,4019,26,12,6.9,205,442,2125,17,4.8,111,105,889,29,43.3,9.9,7
2015,8,New Orleans Saints,203,408,6461,1096,5.9,20,8,381,460,667,4970,32,12,7.1,247,397,1491,16,3.8,98,130,1112,36,36.3,10.4,476,6615,997,6.6,22,13,380,372,544,4544,45,9,7.9,223,422,2071,12,4.9,103,114,887,54,43.9,11.7,7
2016,2,New Orleans Saints,204,469,6816,1105,6.2,24,9,395,472,674,5074,38,15,7.2,265,404,1742,17,4.3,105,107,969,25,45.9,12.7,454,6006,1008,6,21,12,353,378,582,4380,27,9,7.2,230,396,1626,19,4.1,91,104,881,32,45.3,12.2,7
2017,4,New Orleans Saints,205,448,6259,1000,6.3,18,10,332,386,536,4189,23,8,7.5,201,444,2070,23,4.7,111,105,967,20,44.6,9.1,326,5384,1002,5.4,25,5,308,329,554,3597,22,20,6,172,406,1787,11,4.4,92,108,850,44,33.3,13.6,11
2018,3,New Orleans Saints,206,504,6067,1010,6,16,9,377,381,519,4042,33,7,7.5,210,471,2025,26,4.3,134,94,939,33,51.8,9.5,353,5585,978,5.7,24,12,333,384,573,4302,30,12,6.9,224,356,1283,12,3.6,72,85,814,37,36,14.6,13
2019,4,New Orleans Saints,207,458,5982,1011,5.9,8,2,347,418,581,4244,36,6,7,230,405,1738,12,4.3,97,120,1036,20,47.1,4.1,341,5329,999,5.3,23,10,311,371,603,3868,27,13,5.9,197,345,1461,12,4.2,71,92,713,43,34.7,12.7,13
2010,8,New York Giants,208,394,6085,1035,5.9,42,17,331,339,539,3885,31,25,7,192,480,2200,17,4.6,112,92,777,27,32.4,20.3,347,4990,974,5.1,39,23,263,308,539,3370,24,16,5.8,159,389,1620,11,4.2,88,107,899,16,28.7,18.3,10
2011,9,New York Giants,209,394,6161,1028,6,24,8,331,359,589,4734,29,16,7.7,216,411,1427,17,3.5,84,94,795,31,32.5,11.5,400,6022,1072,5.6,31,11,338,361,589,4082,28,20,6.4,210,435,1940,15,4.5,103,110,933,25,34.7,14.8,9
2012,6,New York Giants,210,429,5687,968,5.9,21,6,327,323,539,3825,26,15,6.8,187,409,1862,18,4.6,103,72,578,37,43.8,11.9,344,6134,1016,6,35,14,317,341,534,4068,26,21,7.2,196,449,2066,9,4.6,104,102,900,17,35.4,17.1,9
2013,28,New York Giants,211,294,4920,988,5,44,15,280,325,567,3588,18,29,5.9,176,381,1332,11,3.5,77,91,786,27,25.5,20.1,383,5316,1089,4.9,29,12,327,361,601,3573,21,17,5.6,198,454,1743,12,3.8,101,105,904,28,31,13,7
2014,13,New York Giants,212,380,5875,1086,5.4,28,14,336,383,607,4272,30,14,6.7,218,449,1603,13,3.6,83,101,896,35,34.7,12.4,400,6012,1007,6,26,9,326,324,522,3850,25,17,6.8,187,438,2162,15,4.9,112,105,948,27,35.4,12.8,6
2015,6,New York Giants,213,420,5956,1053,5.7,21,7,331,392,623,4347,36,14,6.7,208,403,1609,5,4,77,102,777,46,38.2,11.3,442,6725,1105,6.1,28,13,367,423,638,4783,31,15,7.2,236,444,1942,15,4.4,104,120,1077,27,40.5,14.2,6
2016,26,New York Giants,214,310,5291,1018,5.2,27,11,289,377,598,3879,26,16,6.3,190,398,1412,6,3.5,73,88,857,26,27.5,13,284,5435,1062,5.1,25,8,298,369,630,4018,15,17,6,191,397,1417,10,3.6,82,104,853,25,29.9,12.2,11
2017,31,New York Giants,215,246,5028,1036,4.9,22,8,271,373,608,3479,20,14,5.4,178,394,1549,6,3.9,66,91,895,27,22.7,11.3,388,5971,1052,5.7,19,6,313,347,561,4038,32,13,6.9,189,464,1933,10,4.2,101,115,923,23,35.5,9.6,3
2018,16,New York Giants,216,369,5697,984,5.8,19,7,297,382,583,4047,23,12,6.4,208,354,1650,13,4.7,71,114,951,18,38.4,9.6,412,5942,1034,5.7,21,5,346,362,560,4044,24,16,6.9,205,444,1898,18,4.3,103,110,919,38,40.9,11.6,5
2019,19,New York Giants,217,341,5416,1012,5.4,33,16,311,376,607,3731,30,17,5.7,187,362,1685,11,4.7,89,90,784,35,28.3,18.3,451,6037,1061,5.7,16,6,343,369,556,4225,30,10,7.1,211,469,1812,19,3.9,100,117,922,32,39.7,8.7,4
2010,13,New York Jets,218,367,5616,1087,5.2,21,7,307,288,525,3242,20,14,5.9,171,534,2374,14,4.4,118,103,934,18,32.2,10.6,304,4664,979,4.8,30,18,272,269,531,3210,24,12,5.6,169,408,1454,11,3.6,70,74,679,33,26.4,13.9,11
2011,13,New York Jets,219,377,4989,1030,4.8,34,16,301,310,547,3297,26,18,5.6,173,443,1692,14,3.8,92,102,849,36,29.6,13.8,363,4993,993,5,31,12,272,275,507,3216,15,19,5.9,167,451,1777,17,3.9,83,110,966,22,29.3,13.9,8
2012,28,New York Jets,220,281,4787,1034,4.6,37,18,299,272,493,2891,14,19,5.4,162,494,1896,12,3.8,102,83,708,35,24.2,17.5,375,5174,1019,5.1,23,12,293,266,494,3036,20,11,5.8,161,495,2138,17,4.3,96,109,805,36,30.6,11.4,6
2013,29,New York Jets,221,290,5090,1020,5,29,7,280,266,480,2932,13,22,5.6,154,493,2158,12,4.4,105,108,837,21,29.6,14.8,387,5359,1048,5.1,15,2,293,345,586,3947,26,13,6.3,198,421,1412,9,3.4,68,92,833,27,35.4,7.3,8
2014,28,New York Jets,222,283,5226,1052,5,24,9,289,287,498,2946,16,15,5.4,154,507,2280,11,4.5,112,109,932,23,31.7,11.8,401,5235,976,5.4,13,7,300,345,538,3746,31,6,6.4,194,393,1489,10,3.8,74,91,780,32,37.2,5.5,4
2015,11,New York Jets,223,387,5925,1074,5.5,24,8,329,362,604,4057,33,16,6.5,210,448,1868,11,4.2,99,96,787,20,35.7,11.6,314,5098,1013,5,30,12,271,343,601,3763,25,18,5.9,185,373,1335,4,3.6,62,90,767,24,28.4,14.4,10
2016,30,New York Jets,224,275,5268,1003,5.3,34,9,291,311,550,3466,16,25,5.9,166,418,1802,10,4.3,97,93,837,28,29.7,17.8,409,5479,1000,5.5,14,6,318,347,545,3898,30,8,6.8,203,428,1581,11,3.7,86,74,651,29,37.7,7.1,5
2017,24,New York Jets,225,298,4884,984,5,24,12,269,323,510,3182,19,12,5.7,157,427,1702,13,4,77,119,1035,35,28.6,11.1,382,5636,1052,5.4,20,9,329,329,558,3749,30,11,6.4,191,466,1887,13,4,88,114,981,50,33.3,10.4,5
2018,23,New York Jets,226,333,4787,971,4.9,30,11,258,299,524,3165,18,19,5.6,157,410,1622,11,4,84,114,948,17,32,14.7,441,6086,1061,5.7,20,7,343,367,582,4065,29,13,6.5,201,440,2021,16,4.6,104,95,817,38,39.1,9.9,4
2019,31,New York Jets,227,276,4368,956,4.6,25,9,253,323,521,3111,19,16,5.4,162,383,1257,6,3.3,61,115,1105,30,23,11.5,359,5170,1037,5,21,9,302,363,585,3779,25,12,6.1,187,417,1391,12,3.3,75,107,902,40,34.4,10.1,7
2010,6,Oakland Raiders,228,410,5674,1039,5.5,26,10,306,279,491,3180,18,16,5.9,159,504,2494,19,4.9,113,148,1276,34,34.5,11.8,371,5165,991,5.2,24,12,292,249,470,3027,29,12,5.9,150,474,2138,14,4.5,98,117,1161,44,31.2,9.3,8
2011,16,Oakland Raiders,229,359,6072,1015,6,30,7,328,315,524,3962,20,23,7.2,186,466,2110,16,4.5,110,163,1358,32,34.7,15.5,433,6201,1070,5.8,26,8,369,324,601,4023,31,18,6.3,206,430,2178,15,5.1,105,120,982,58,35.6,12.8,8
2012,26,Oakland Raiders,230,290,5504,1032,5.3,26,10,300,376,629,4084,24,16,6.2,200,376,1420,4,3.8,72,108,939,28,31.4,12.8,443,5672,995,5.7,19,8,304,347,526,3775,28,11,6.9,180,444,1897,18,4.3,95,101,925,29,41.2,9.1,4
2013,24,Oakland Raiders,231,322,5340,1000,5.3,31,11,275,298,519,3340,17,20,5.9,168,437,2000,16,4.6,90,116,912,17,27.8,14.9,453,5819,1029,5.7,22,13,330,374,549,4092,33,9,7,202,442,1727,15,3.9,100,87,686,28,38.6,9.5,4
2014,31,Oakland Raiders,232,253,4515,994,4.5,29,13,248,365,629,3275,22,16,5,173,337,1240,4,3.7,56,116,939,19,22.7,13.6,452,5721,1041,5.5,14,5,320,343,538,3810,29,9,6.8,190,481,1911,17,4,95,116,941,35,39.6,6.6,3
2015,17,Oakland Raiders,233,359,5336,1008,5.3,24,10,300,373,605,3879,34,14,6.1,193,370,1457,7,3.9,74,139,1102,33,31.8,10.3,399,5818,1085,5.4,25,11,344,404,641,4140,25,14,6.1,206,406,1678,12,4.1,94,104,943,44,38.2,11.5,7
2016,7,Oakland Raiders,234,416,5973,1048,5.7,14,7,333,379,596,4051,29,7,6.6,198,434,1922,17,4.4,98,147,1247,37,38.7,7.2,385,6001,987,6.1,30,14,318,328,541,4120,27,16,7.3,188,421,1881,18,4.5,94,115,1062,36,35.3,14.2,12
2017,23,Oakland Raiders,235,301,5185,952,5.4,28,14,287,347,558,3631,23,14,6.2,178,370,1554,13,4.2,78,114,1009,31,29.2,15.2,373,5601,994,5.6,14,9,304,361,530,3858,24,5,6.9,187,433,1743,11,4,93,102,944,24,40.9,7,6
2018,28,Oakland Raiders,236,290,5379,995,5.4,24,14,300,382,556,3751,19,10,6.2,197,387,1628,9,4.2,86,110,965,17,31.3,13.6,467,6102,973,6.3,17,3,317,299,480,3853,36,14,7.8,178,480,2249,16,4.7,108,117,991,31,44.3,9.8,4
2019,24,Oakland Raiders,237,313,5819,989,5.9,17,9,315,367,523,3926,22,8,7.1,194,437,1893,13,4.3,104,128,1138,17,32.9,9.9,419,5677,963,5.9,15,6,344,337,526,4107,33,9,7.4,201,405,1570,15,3.9,91,91,763,52,41.2,8.5,7
2010,3,Philadelphia Eagles,238,439,6230,1038,6,25,12,322,348,561,3906,28,13,6.4,189,428,2324,18,5.4,116,129,1101,17,39.8,11.7,377,5235,998,5.2,34,11,309,309,536,3469,31,23,6,185,423,1766,12,4.2,91,87,724,33,31.4,17,10
2011,8,Philadelphia Eagles,239,396,6386,1036,6.2,38,13,356,330,554,4110,22,25,7,197,450,2276,20,5.1,134,107,853,25,34.7,17.9,328,5198,982,5.3,24,9,289,301,518,3397,27,15,6,173,414,1801,11,4.4,84,97,813,32,27.7,12.3,8
2012,29,Philadelphia Eagles,240,280,5665,1079,5.3,37,22,332,367,618,3791,18,15,5.7,190,413,1874,10,4.5,111,98,813,31,29.9,17.9,444,5491,994,5.5,13,5,317,292,485,3470,33,8,6.7,178,479,2021,11,4.2,108,118,996,31,39,6.6,4
2013,4,Philadelphia Eagles,241,442,6676,1054,6.3,19,10,355,310,508,4110,32,9,7.4,197,500,2566,19,5.1,133,95,846,25,36.8,9,382,6304,1150,5.5,31,12,368,408,670,4636,25,19,6.6,239,443,1668,12,3.8,100,106,855,29,32.7,15.3,10
2014,3,Philadelphia Eagles,242,474,6348,1127,5.6,36,15,356,384,621,4356,27,21,6.7,218,474,1992,16,4.2,109,115,995,29,36.9,17.2,400,6009,1113,5.4,28,16,338,345,591,4238,30,12,6.6,211,473,1771,14,3.7,88,121,1089,39,31.1,12.7,10
2015,13,Philadelphia Eagles,243,377,5830,1102,5.3,31,13,339,405,623,4087,23,18,6.2,193,442,1743,15,3.9,110,104,819,36,29.1,15.3,430,6426,1148,5.6,26,11,365,394,633,4273,36,15,6.4,239,478,2153,10,4.5,100,123,1049,26,36,11.8,7
2016,16,Philadelphia Eagles,244,367,5398,1080,5,20,6,333,380,609,3585,16,14,5.6,192,438,1813,16,4.1,114,113,945,27,37.6,11.2,331,5484,978,5.6,26,10,300,333,553,3832,25,16,6.5,177,391,1652,10,4.2,89,99,837,34,33.9,13.4,7
2017,3,Philadelphia Eagles,245,457,5852,1073,5.5,20,11,338,341,564,3737,38,9,6.2,193,473,2115,9,4.5,108,116,962,37,40.3,9.4,295,4904,976,5,31,12,272,363,601,3637,24,19,5.7,177,337,1267,7,3.8,62,101,917,33,27.1,15.4,13
2018,18,Philadelphia Eagles,246,367,5845,1037,5.6,23,12,346,422,599,4275,29,11,6.7,221,398,1570,12,3.9,94,100,852,31,38.1,12.5,348,5859,1002,5.8,17,7,308,417,626,4308,22,10,6.4,215,332,1551,14,4.7,71,115,995,22,38.6,9.1,9
2019,12,Philadelphia Eagles,247,385,5772,1104,5.2,23,15,354,391,613,3833,27,8,5.9,215,454,1939,16,4.3,104,100,836,35,35.5,10.4,354,5307,967,5.5,20,9,289,348,571,3865,27,11,6.3,185,353,1442,13,4.1,76,115,959,28,33.9,10.2,9
2010,12,Pittsburgh Steelers,248,375,5525,993,5.6,18,9,295,298,479,3601,22,9,6.9,175,471,1924,15,4.1,106,100,903,14,36.9,9.5,232,4429,974,4.5,35,14,272,363,593,3425,15,21,5.3,182,333,1004,5,3,61,86,716,29,25.7,17.3,12
2011,22,Pittsburgh Steelers,249,325,5957,1015,5.9,28,13,341,341,539,4054,21,15,7,221,434,1903,13,4.4,96,101,854,24,33.9,16.7,227,4348,964,4.5,15,4,264,289,530,2751,15,11,4.9,156,399,1597,7,4,82,96,777,26,26,8.3,12
2012,22,Pittsburgh Steelers,250,336,5324,1023,5.2,30,16,307,354,574,3787,27,14,6.2,202,412,1537,8,3.7,80,92,938,25,33.9,15.6,314,4413,951,4.6,20,10,273,299,523,2963,19,10,5.3,169,391,1450,9,3.7,78,100,882,26,30.8,10.4,8
2013,17,Pittsburgh Steelers,251,379,5400,1023,5.3,24,10,312,377,586,4017,28,14,6.4,207,394,1383,9,3.5,81,80,677,24,35.4,12.7,370,5395,1036,5.2,20,10,303,329,569,3546,21,10,5.9,174,433,1849,18,4.3,106,92,798,23,35.3,10.5,8
2014,7,Pittsburgh Steelers,252,436,6577,1068,6.2,21,11,379,411,612,4825,33,10,7.5,243,423,1752,10,4.1,98,103,834,38,41.4,11.5,368,5654,944,6,21,10,314,350,543,4049,30,11,7,193,368,1605,9,4.4,88,97,835,33,39.7,11.5,11
2015,5,Pittsburgh Steelers,253,423,6327,1011,6.3,28,7,331,391,590,4603,26,21,7.4,207,388,1724,16,4.4,91,94,868,33,40.5,13.7,319,5809,1055,5.5,30,13,327,402,625,4350,29,17,6.5,231,382,1459,6,3.8,71,121,1199,25,32.3,14.3,10
2016,11,Pittsburgh Steelers,254,399,5962,1026,5.8,18,3,336,381,596,4202,33,15,6.8,210,409,1760,13,4.3,97,112,1068,29,38.5,9.9,327,5482,997,5.5,23,10,313,381,590,3882,20,13,6.2,184,369,1600,15,4.3,95,109,920,34,34.5,11.9,11
2017,8,Pittsburgh Steelers,255,406,6047,1051,5.8,20,5,348,384,590,4380,29,15,7.1,217,437,1667,12,3.8,96,101,897,35,43,10.6,308,4910,940,5.2,22,6,270,297,499,3217,20,16,5.8,157,385,1693,14,4.4,89,110,1041,24,30.3,12.4,13
2018,8,Pittsburgh Steelers,256,428,6453,1058,6.1,26,9,378,459,689,5008,35,17,7,251,345,1445,16,4.2,88,111,1026,39,36.8,14.3,360,5235,987,5.3,15,7,317,362,566,3697,27,8,6,200,369,1538,13,4.2,84,136,1170,33,33.7,8.2,9
2019,27,Pittsburgh Steelers,257,289,4428,937,4.7,30,11,265,315,510,2981,18,19,5.5,147,395,1447,7,3.7,75,111,893,43,28.6,15.7,303,4866,1030,4.7,38,18,304,314,514,3113,23,20,5.5,164,462,1753,7,3.8,110,115,1118,30,29.9,19,8
2010,2,San Diego Chargers,258,441,6329,1039,6.1,29,16,357,359,544,4519,30,13,7.8,236,457,1810,18,4,94,84,677,27,40.3,14.5,322,4345,939,4.6,23,7,247,285,488,2845,18,16,5.3,153,404,1500,14,3.7,77,97,769,17,26.1,12.5,9
2011,6,San Diego Chargers,259,406,6290,1048,6,28,8,359,366,582,4426,27,20,7.2,234,436,1864,16,4.3,97,91,753,28,41.3,16.3,377,5546,958,5.8,21,4,311,299,478,3591,29,17,7,186,448,1955,8,4.4,102,92,760,23,36.5,12.4,8
2012,20,San Diego Chargers,260,350,4756,988,4.8,26,11,293,338,528,3295,26,15,5.7,184,411,1461,4,3.6,81,103,796,28,30.6,13.9,350,5223,1012,5.2,28,14,316,347,568,3681,28,14,6.1,201,406,1542,10,3.8,85,102,798,30,31.3,13.7,7
2013,12,San Diego Chargers,261,396,6293,1060,5.9,21,10,373,378,544,4328,32,11,7.5,230,486,1965,9,4,104,95,765,39,44.9,11.4,348,5864,959,6.1,17,6,327,364,548,4139,23,11,7.1,208,376,1725,14,4.6,98,100,850,21,36.1,9.6,9
2014,17,San Diego Chargers,262,348,5465,1009,5.4,23,5,326,380,574,4098,31,18,6.7,214,398,1367,6,3.4,75,111,967,37,33.9,12.6,348,5413,988,5.5,18,11,307,320,524,3427,24,7,6.2,168,438,1986,11,4.5,98,129,1067,41,35.8,9.5,9
2015,26,San Diego Chargers,263,320,5949,1100,5.4,24,11,344,442,667,4591,30,13,6.5,230,393,1358,4,3.5,79,117,942,35,33.7,12.4,398,5791,959,6,20,9,299,328,510,3786,22,11,7,170,417,2005,17,4.8,101,120,976,28,37.8,10,4
2016,9,San Diego Chargers,264,410,5708,1014,5.6,35,14,340,349,580,4198,33,21,6.8,214,398,1510,10,3.8,90,107,780,36,38.1,18.2,423,5554,1025,5.4,28,10,329,364,580,3987,21,18,6.5,204,410,1567,20,3.8,98,119,837,27,39.8,14.5,5
2010,24,San Francisco 49ers,265,305,5013,945,5.3,23,8,251,282,500,3356,19,15,6.2,149,401,1657,10,4.1,85,112,933,17,26.8,11.1,346,5244,1033,5.1,22,7,299,358,550,3697,25,15,6.3,188,447,1547,9,3.5,86,97,839,25,31.8,11.3,6
2011,11,San Francisco 49ers,266,380,4974,993,5,10,5,282,277,451,2930,18,5,5.9,150,498,2044,14,4.1,101,113,1014,31,39.6,5.2,229,4931,974,5.1,38,15,267,333,579,3695,20,23,6,190,353,1236,3,3.5,53,98,867,24,23.3,18.7,13
2012,11,San Francisco 49ers,267,397,5789,969,6,16,8,322,289,436,3298,23,8,6.9,172,492,2491,17,5.1,128,109,960,22,39.3,7.9,273,4710,1012,4.7,25,11,284,337,567,3203,19,14,5.3,178,407,1507,7,3.7,72,93,758,34,26.7,12.8,11
2013,11,San Francisco 49ers,268,406,5180,961,5.4,18,10,286,244,417,2979,21,8,6.5,148,505,2201,18,4.4,115,103,845,23,37.8,9,272,5071,1020,5,30,12,284,345,585,3536,19,18,5.7,181,397,1535,11,3.9,77,96,878,26,26.2,13.1,12
2014,25,San Francisco 49ers,269,306,5239,1009,5.2,22,12,303,292,487,3063,20,10,5.7,165,470,2176,10,4.6,104,116,937,34,30.9,11.8,340,5143,989,5.2,29,6,308,324,551,3531,29,23,6,188,402,1612,7,4,83,122,909,37,32,16.6,8
2015,32,San Francisco 49ers,270,238,4860,969,5,17,5,261,322,526,3316,16,12,5.7,154,390,1544,7,4,83,113,823,24,25.8,8.2,387,6199,1081,5.7,12,3,356,375,549,4179,21,9,7.2,199,504,2020,20,4,128,112,920,29,37.9,6.6,5
2016,27,San Francisco 49ers,271,309,4930,996,4.9,25,15,287,287,491,2911,21,10,5.4,152,458,2019,15,4.4,116,99,831,19,27.4,10.7,480,6502,1102,5.9,20,10,358,322,521,3848,30,10,6.9,187,548,2654,25,4.8,140,93,795,31,41.4,9.4,2
2017,20,San Francisco 49ers,272,331,5587,1058,5.3,23,8,321,362,607,3925,15,15,6,206,408,1662,15,4.1,88,123,988,27,37.5,12,383,5625,1065,5.3,20,10,343,344,544,3764,27,10,6.6,198,491,1861,13,3.8,108,97,791,37,37.8,10.1,6
2018,21,San Francisco 49ers,273,342,5769,1003,5.8,32,12,344,331,532,3867,26,20,6.7,201,423,1902,7,4.5,98,112,982,45,37,17.1,435,5546,1023,5.4,7,5,337,344,542,3732,35,2,6.4,195,444,1814,13,4.1,104,117,1011,38,39.8,3.9,4
2019,2,San Francisco 49ers,274,479,6097,1012,6,23,10,336,331,478,3792,28,13,7.4,195,498,2305,23,4.6,110,105,939,31,44.3,12,310,4509,968,4.7,27,15,285,318,519,2707,23,12,4.8,150,401,1802,11,4.5,105,116,957,30,29,14.2,13
2010,23,Seattle Seahawks,275,310,4765,964,4.9,31,11,260,324,544,3341,14,20,5.8,159,385,1424,13,3.7,81,101,890,20,26.5,14.8,407,5897,1074,5.5,22,10,313,339,585,3994,31,12,6.4,206,452,1903,13,4.2,91,91,706,16,35.9,9.9,7
2011,23,Seattle Seahawks,276,321,4861,1003,4.8,23,9,265,299,509,3105,15,14,5.6,153,444,1756,15,4,89,138,1047,23,27.8,11.6,315,5315,1049,5.1,31,9,310,324,543,3518,18,22,6.1,174,473,1797,10,3.8,96,96,907,40,28.6,14.8,7
2012,9,Seattle Seahawks,277,412,5610,974,5.8,18,8,311,259,405,3031,27,10,6.9,153,536,2579,16,4.8,129,110,890,29,39.4,10,245,4899,968,5.1,31,13,295,327,564,3250,15,18,5.4,186,368,1649,8,4.5,80,102,902,29,27.2,16,11
2013,9,Seattle Seahawks,278,417,5424,973,5.6,19,10,307,267,420,3236,27,9,7,160,509,2188,14,4.3,116,128,1183,31,40.7,9.3,231,4378,990,4.4,39,11,282,309,524,2752,16,28,4.8,156,422,1626,4,3.9,83,98,879,43,24.7,19.4,13
2014,10,Seattle Seahawks,279,394,6012,1021,5.9,14,7,328,287,454,3250,20,7,6.6,160,525,2762,20,5.3,144,130,1009,24,40.6,6.9,254,4274,924,4.6,24,11,277,313,507,2970,17,13,5.5,175,380,1304,8,3.4,70,70,613,32,26.9,12.3,12
2015,4,Seattle Seahawks,280,423,6058,1035,5.9,16,8,335,333,489,3790,34,8,7.1,190,500,2268,10,4.5,128,117,1007,17,42,8.6,277,4668,947,4.9,23,9,273,333,548,3364,14,14,5.8,175,362,1304,10,3.6,71,94,795,27,29.3,13.2,10
2016,18,Seattle Seahawks,281,354,5715,1012,5.6,18,6,313,368,567,4124,23,12,6.8,203,403,1591,13,3.9,85,117,970,25,37.3,9.7,292,5099,1020,5,19,8,307,331,537,3612,16,11,6.2,180,441,1487,16,3.4,94,103,925,33,28.3,10.3,10
2017,11,Seattle Seahawks,282,366,5286,1007,5.2,17,5,299,340,555,3657,34,12,6.1,183,409,1629,4,4,85,148,1342,31,30.5,8.6,332,5171,1045,4.9,25,11,316,325,554,3347,19,14,5.6,181,452,1824,14,4,90,102,878,45,33.2,11.9,9
2018,6,Seattle Seahawks,283,428,5653,1012,5.6,11,4,329,280,427,3093,35,7,6.5,156,534,2560,15,4.8,133,111,959,40,39.8,6.1,347,5653,955,5.9,26,14,323,355,546,3842,26,12,6.5,201,366,1811,9,4.9,91,108,981,31,35.2,14.2,10
2019,9,Seattle Seahawks,284,405,5991,1046,5.7,20,14,341,341,517,3791,31,6,6.7,190,481,2200,15,4.6,121,109,882,30,36.9,10.2,398,6106,1014,6,32,16,346,383,598,4223,19,16,6.7,224,388,1883,22,4.9,97,96,798,25,37.1,16.3,11
2010,26,St. Louis Rams,285,289,4846,1053,4.6,21,6,292,354,590,3268,18,15,5.2,179,429,1578,9,3.7,84,102,877,29,30.2,9.5,328,5388,1017,5.3,26,12,304,328,570,3578,21,14,5.8,191,404,1810,7,4.5,88,126,1008,25,33,12.6,7
2011,32,St. Louis Rams,286,193,4537,1013,4.5,23,13,267,292,549,2870,9,10,4.8,159,409,1667,7,4.1,79,112,899,29,18.9,11.2,407,5734,1033,5.6,18,6,313,293,484,3301,21,12,6.3,166,510,2433,17,4.8,122,111,951,25,35.9,8.9,2
2012,25,St. Louis Rams,287,299,5264,1002,5.3,22,8,287,332,557,3550,22,14,6,189,410,1714,5,4.2,79,130,978,19,27.5,11,348,5482,1041,5.3,21,4,327,362,547,3602,16,17,6,197,442,1880,18,4.3,107,90,758,23,34.6,10.8,7
2013,21,St. Louis Rams,288,348,4877,968,5,21,10,282,301,506,3125,22,11,5.8,165,426,1752,10,4.1,82,123,1009,35,31.5,11.4,364,5520,1014,5.4,29,15,337,355,521,3874,21,14,6.7,203,440,1646,18,3.7,87,105,978,47,31,14.7,7
2014,21,St. Louis Rams,289,324,5035,957,5.3,27,11,288,327,515,3400,20,16,6,189,395,1635,11,4.1,79,123,1139,20,29.6,14,354,5626,1005,5.6,25,12,301,368,540,3861,18,13,6.7,189,425,1765,12,4.2,83,105,882,29,30.2,13.2,6
2015,29,St. Louis Rams,290,280,4761,920,5.2,22,11,241,273,473,2805,11,11,5.7,126,429,1956,16,4.6,92,122,1057,23,24.5,10.2,330,5885,1091,5.4,26,13,320,399,597,4065,21,13,6.4,192,453,1820,7,4,98,109,992,30,31.8,12.1,7
2010,20,Tampa Bay Buccaneers,291,341,5362,955,5.6,19,13,288,306,494,3361,26,6,6.4,172,431,2001,9,4.6,97,100,837,19,33.7,9.3,318,5323,991,5.4,28,9,307,307,521,3216,23,19,5.9,171,444,2107,12,4.7,118,79,676,18,29.4,14.7,10
2011,27,Tampa Bay Buccaneers,292,287,5108,966,5.3,40,16,277,365,588,3650,17,24,5.9,180,346,1458,9,4.2,74,123,1007,23,28.7,20.4,494,6311,1002,6.3,24,10,356,301,481,3814,30,14,7.6,188,498,2497,26,5,135,95,786,33,42.9,13,4
2012,13,Tampa Bay Buccaneers,293,389,5820,1008,5.8,23,6,301,311,566,3983,27,17,6.7,188,416,1837,13,4.4,89,101,819,24,35.2,10.9,394,6078,1031,5.9,26,8,329,410,627,4758,30,18,7.3,226,377,1320,13,3.5,75,103,851,28,32.8,12.5,7
2013,30,Tampa Bay Buccaneers,294,288,4432,981,4.5,21,9,269,291,514,2820,22,12,5,157,420,1612,6,3.8,75,121,1136,37,27.1,9.6,389,5568,1020,5.5,31,10,324,352,547,3806,30,21,6.5,190,438,1762,10,4,95,105,1012,39,38,15,4
2014,29,Tampa Bay Buccaneers,295,277,4672,936,5,33,13,263,301,531,3297,21,20,5.7,162,353,1375,7,3.9,72,118,939,29,26.7,17.2,410,5903,1067,5.5,25,11,353,387,563,4084,28,14,6.8,223,468,1819,15,3.9,103,106,935,27,38.9,13,2
2015,20,Tampa Bay Buccaneers,296,342,6014,1017,5.9,28,13,336,312,535,3852,22,15,6.9,201,455,2162,12,4.8,99,143,1195,36,35.8,14.8,417,5446,1045,5.2,23,12,351,378,541,3840,31,11,6.6,208,466,1606,12,3.4,104,104,862,39,41.7,12.8,6
2016,19,Tampa Bay Buccaneers,297,354,5542,1066,5.2,27,9,340,355,578,3926,29,18,6.4,220,453,1616,8,3.6,80,109,926,40,32.4,14.8,369,5887,1013,5.8,29,12,326,347,548,4012,24,17,6.8,203,427,1875,15,4.4,102,121,1061,21,35.9,14.7,9
2017,18,Tampa Bay Buccaneers,298,335,5814,1035,5.6,27,13,352,378,605,4366,26,14,6.8,243,390,1448,8,3.7,76,104,795,33,33.7,15.4,382,6049,1011,6,26,13,327,371,549,4169,22,13,7.3,202,440,1880,17,4.3,102,109,937,23,38.9,13.1,5
2018,12,Tampa Bay Buccaneers,299,396,6648,1055,6.3,35,9,388,408,625,5125,36,26,7.7,265,389,1523,11,3.9,80,117,975,43,37,19,464,6134,998,6.1,17,8,356,387,534,4151,34,9,7.3,209,426,1983,19,4.7,122,127,1156,25,40.7,8.2,5
2019,3,Tampa Bay Buccaneers,300,458,6366,1086,5.9,41,11,353,382,630,4845,33,30,7.2,244,409,1521,15,3.7,81,133,1111,28,38.3,20.7,449,5503,1073,5.1,28,16,331,408,664,4322,30,12,6.1,222,362,1181,11,3.3,70,111,971,39,39.6,13.5,7
2010,17,Tennessee Titans,301,356,4834,907,5.3,29,14,252,273,474,3107,24,15,6.2,155,406,1727,13,4.3,73,128,1040,24,33.2,14.7,339,5883,1139,5.2,25,8,356,410,625,4032,23,17,6.1,214,474,1851,7,3.9,107,114,1039,35,37.7,13.1,6
2011,21,Tennessee Titans,302,325,5361,984,5.4,22,8,281,353,584,3923,22,14,6.5,185,376,1438,8,3.8,71,104,960,25,31.4,11.7,317,5682,1080,5.3,23,12,324,369,591,3629,21,11,5.9,187,461,2053,10,4.5,111,99,812,26,31,12.3,9
2012,23,Tennessee Titans,303,330,5010,957,5.2,28,12,260,318,540,3323,17,16,5.7,166,378,1687,10,4.5,70,106,847,24,27.7,14.9,471,5999,1086,5.5,24,5,358,374,564,3964,31,19,6.6,210,483,2035,16,4.2,122,86,717,26,39.8,12.6,6
2013,19,Tennessee Titans,304,362,5390,1032,5.2,25,9,311,328,533,3496,22,16,6.1,172,462,1894,16,4.1,103,101,900,36,34.2,11.4,381,5407,1027,5.3,25,12,329,344,545,3612,15,13,6.2,191,446,1795,21,4,108,95,779,30,35.8,13.2,7
2014,30,Tennessee Titans,305,254,4859,919,5.3,26,10,258,299,513,3412,20,16,6.1,159,356,1447,6,4.1,75,111,961,24,23.6,12.6,438,5968,1099,5.4,16,4,357,347,545,3773,28,12,6.5,211,515,2195,17,4.3,119,93,731,27,40.8,8.4,2
2015,28,Tennessee Titans,306,299,4988,976,5.1,33,16,298,342,551,3503,25,17,5.8,195,371,1485,10,4,66,93,779,37,25.7,16.2,423,5475,1004,5.5,19,8,317,319,503,3678,34,11,6.8,192,462,1797,11,3.9,101,112,982,24,36.6,8.1,3
2016,14,Tennessee Titans,307,381,5728,1008,5.7,18,7,322,307,504,3541,29,11,6.7,175,476,2187,16,4.6,115,110,1012,32,36.4,9.8,378,5720,1031,5.5,18,6,324,388,635,4307,25,12,6.4,227,356,1413,10,4,70,137,1191,27,35,9,9
2017,19,Tennessee Titans,308,334,5024,974,5.2,25,8,290,306,496,3191,14,17,6,157,443,1833,18,4.1,97,85,785,36,35.1,12.6,356,5248,1046,5,21,9,323,369,605,3828,27,12,5.9,231,398,1420,5,3.6,68,119,942,24,37.3,10.8,9
2018,27,Tennessee Titans,309,310,5002,940,5.3,18,6,289,293,437,2975,16,12,6.1,156,456,2027,15,4.4,106,82,727,27,34.9,10.2,303,5334,1001,5.3,17,6,298,337,533,3471,21,11,6.1,182,429,1863,9,4.3,98,120,984,18,33.1,9.9,9
2019,10,Tennessee Titans,310,402,5805,949,6.1,17,9,317,297,448,3582,29,8,7.1,177,445,2223,21,5,104,99,932,36,31.7,8.2,331,5752,1056,5.4,23,9,335,386,598,4080,25,14,6.4,213,415,1672,14,4,95,125,1025,27,32.1,11.8,9
2010,25,Washington Redskins,311,302,5392,1002,5.4,31,12,295,349,605,3931,21,19,6,194,351,1461,9,4.2,72,90,647,29,26.3,14.6,377,6228,1051,5.9,27,13,326,367,578,4187,23,14,6.9,207,444,2041,15,4.6,106,104,839,13,32.5,12.3,6
2011,26,Washington Redskins,312,288,5387,1032,5.2,35,11,312,346,591,3773,19,24,6,204,400,1614,8,4,79,91,897,29,30.9,18.6,367,5437,988,5.5,21,8,295,308,509,3553,22,13,6.5,180,438,1884,15,4.3,95,123,1006,20,37.4,10.5,5
2012,4,Washington Redskins,313,436,6131,994,6.2,14,6,341,291,442,3422,24,8,7.2,171,519,2709,22,5.2,144,116,985,26,39.3,7.7,388,6043,1031,5.9,31,10,340,393,636,4511,31,21,6.8,223,363,1532,11,4.2,89,100,811,28,38.3,16.9,10
2013,23,Washington Redskins,314,334,5915,1107,5.3,34,15,329,355,611,3751,20,19,5.7,198,453,2164,14,4.8,112,99,802,19,27.6,16.6,478,5665,993,5.7,26,10,329,337,514,3896,29,16,7.1,204,443,1769,23,4,102,83,697,23,36.7,13.1,3
2014,26,Washington Redskins,315,301,5738,1006,5.7,31,13,318,364,547,4047,18,18,6.7,186,401,1691,15,4.2,88,120,1130,44,29.7,15.6,438,5712,976,5.9,19,12,307,345,519,3990,35,7,7.2,195,421,1722,11,4.1,77,144,1164,35,37.4,8.8,4
2015,10,Washington Redskins,316,388,5661,1011,5.6,22,11,317,386,555,4095,30,11,7,208,429,1566,9,3.7,81,105,828,28,36.1,11.1,379,6090,1010,6,27,16,329,354,566,4128,30,11,6.8,202,406,1962,10,4.8,103,112,955,24,35.4,14.9,9
2016,12,Washington Redskins,317,396,6454,1009,6.4,21,9,345,407,607,4758,25,12,7.6,226,379,1696,17,4.5,89,110,909,30,43.4,11.4,383,6046,1050,5.8,21,8,368,387,589,4130,22,13,6.6,225,423,1916,19,4.5,109,100,1023,34,38.5,11.8,8
2017,16,Washington Redskins,318,342,5199,982,5.3,27,14,278,347,540,3751,27,13,6.5,191,401,1448,10,3.6,66,92,733,21,31.9,12.6,388,5566,1045,5.3,23,7,307,306,531,3420,23,16,6,171,472,2146,13,4.5,105,100,887,31,35.9,11.8,7
2018,29,Washington Redskins,319,281,4795,967,5,19,4,280,311,509,3021,16,15,5.5,156,414,1774,12,4.3,96,115,1008,28,31.8,11.2,359,5654,996,5.7,26,11,330,362,537,3794,27,15,6.5,197,413,1860,12,4.5,109,102,791,24,35.1,14.6,7
2019,32,Washington Redskins,320,266,4395,885,5,21,8,248,298,479,2812,18,13,5.3,154,356,1583,9,4.4,74,106,835,20,30.1,12.1,435,6162,1079,5.7,22,9,354,371,540,3823,35,13,6.5,200,493,2339,14,4.7,120,94,805,34,41.9,12.2,3
